Year,month,Departament,Municipality,IDPs
2008,January,Tolima,Villahermosa,0
2008,January,Chocó,Istmina,199
2008,January,Arauca,Arauca,0
2008,January,Nariño,Samaniego,225
2008,January,Cauca,Páez (Belalcazar),418
2008,January,Cauca,Páez (Belalcazar),418
2008,February,Nariño,Samaniego,0
2008,February,Valle del Cauca,San Pedro,800
2008,February,Antioquia,Valdivia,350
2008,February,Antioquia,Nechí,500
2008,February,Chocó,Quibdó,300
2008,February,Antioquia,Tarazá,3500
2008,February,Antioquia,Tarazá,0
2008,February,Córdoba,Puerto Libertador,0
2008,February,Córdoba,Tierralta,0
2008,March,Nariño,Córdoba,0
2008,March,Meta,Mapiripan,0
2008,March,Meta,Mapiripan,0
2008,March,Chocó,Istmina,500
2008,March,Magdalena,Santa Marta,1
2008,March,Antioquia,Nechí,320
2008,March,Meta,Mapiripan,93
2008,March,Chocó,Bajo Baudó (Pizarro),313
2008,March,Cauca,Toribío,0
2008,March,Antioquia,Ituango,0
2008,March,Arauca,Arauca,0
2008,March,Nariño,Córdoba,52
2008,March,Córdoba,Puerto Libertador,300
2008,March,Córdoba,Puerto Libertador,1
2008,March,Antioquia,Ituango,0
2008,March,Cauca,López (Micay),25
2008,March,Bolivar,Simití,0
2008,April,Santander,Barrancabermeja,0
2008,April,Nariño,La Llanada,22
2008,April,Antioquia,Dabeiba,30
2008,April,Antioquia,Dabeiba,30
2008,April,Antioquia,Tarazá,500
2008,April,Guaviare,San José del Guaviare,0
2008,April,Cauca,Argelia,0
2008,April,Nariño,Mosquera,300
2008,May,Chocó,Bajo Baudó (Pizarro),0
2008,May,Chocó,Medio Baudó,0
2008,May,Chocó,Bagadó,0
2008,May,Tolima,Venadillo,0
2008,May,Norte de Santander,Tibú,0
2008,May,Putumayo,Puerto Asís,150
2008,May,Tolima,Ibagué,40
2008,May,Cesar,Valledupar,1
2008,May,Nariño,Policarpa,0
2008,May,Putumayo,San Miguel,3
2008,May,Putumayo,San Miguel,9
2008,May,Putumayo,San Miguel,2
2008,May,Nariño,Cumbitara,0
2008,May,Vichada,La Primavera,0
2008,June,Antioquia,Zaragoza,527
2008,June,Antioquia,Zaragoza,0
2008,June,Antioquia,Murindó,17
2008,June,Antioquia,Chigorodó,84
2008,June,Nariño,Olaya Herrera,0
2008,June,Magdalena,Santa Marta,400
2008,June,Chocó,El Litoral de San Juan,0
2008,June,Chocó,El Litoral de San Juan,0
2008,June,Santander,Barrancabermeja,0
2008,June,Córdoba,Tierralta,0
2008,June,Nariño,Barbacoas,0
2008,June,Chocó,Bagadó,200
2008,July,Córdoba,Tierralta,135
2008,July,Nariño,Mosquera,0
2008,July,Antioquia,San Rafael,0
2008,July,Antioquia,Anorí,5
2008,July,Antioquia,Valdivia,702
2008,July,Antioquia,Valdivia,1217
2008,July,Antioquia,Valdivia,1102
2008,July,Nariño,Ipiales,60
2008,July,Nariño,Barbacoas,110
2008,July,Arauca,Tame,0
2008,July,Norte de Santander,El Tarra,0
2008,July,Chocó,Alto Baudó (Pie de Pato),0
2008,August,Chocó,Bajo Baudó (Pizarro),0
2008,August,Chocó,Alto Baudó (Pie de Pato),0
2008,August,Chocó,Alto Baudó (Pie de Pato),300
2008,August,Nariño,Policarpa,0
2008,August,Cauca,López (Micay),0
2008,August,Meta,Mapiripan,84
2008,August,Chocó,Medio Baudó,0
2008,August,Córdoba,Tierralta,0
2008,September,Chocó,Bajo Baudó (Pizarro),70
2008,September,Córdoba,Puerto Libertador,0
2008,September,Guaviare,San José del Guaviare,0
2008,September,Antioquia,Anorí,1800
2008,September,Antioquia,Anorí,900
2008,September,Tolima,Mariquita,0
2008,September,Antioquia,Anorí,0
2008,September,Cauca,Timbiquí,0
2008,September,Cauca,Timbiquí,0
2008,September,Antioquia,Urrao,285
2008,September,Antioquia,Urrao,300
2008,September,Cauca,Timbiquí,0
2008,September,Valle del Cauca,Buenaventura,0
2008,September,Santander,Vélez,0
2008,October,Putumayo,Villagarzón,280
2008,October,Bolivar,Santa Rosa,0
2008,October,Meta,Mapiripan,200
2008,October,Antioquia,Tarazá,61
2008,October,Nariño,Roberto Payán (San José),0
2008,October,Putumayo,Puerto Asís,0
2008,October,Valle del Cauca,Buenaventura,60
2008,October,Valle del Cauca,Buenaventura,4069
2008,November,Antioquia,Tarazá,0
2008,November,Chocó,Bahía Solano (Mútis),0
2008,November,Antioquia,Apartadó,0
2008,November,Putumayo,Puerto Leguízamo,0
2008,November,Antioquia,Zaragoza,0
2008,November,Putumayo,Puerto Guzmán,0
2008,December,Caquetá,Puerto Rico,0
2008,December,Bolivar,Santa Rosa del Sur,0
2009,January,Cauca,Toribío,0
2009,January,Cauca,Toribío,0
2009,January,La Guajira,Uribia,86
2009,January,Chocó,Alto Baudó (Pie de Pato),0
2009,January,Risaralda,Pereira,0
2009,February,Nariño,Ricaurte,0
2009,February,Chocó,Río Iró,0
2009,February,Antioquia,Urrao,0
2009,March,Chocó,Alto Baudó (Pie de Pato),0
2009,March,Cauca,López (Micay),150
2009,March,Nariño,Guachavés,0
2009,March,Nariño,Mosquera,29
2009,March,Nariño,Mosquera,30
2009,March,Antioquia,Tarazá,47
2009,March,Cauca,Caldono,0
2009,March,Antioquia,Tarazá,0
2009,March,Chocó,Bajo Baudó (Pizarro),270
2009,March,Chocó,Bajo Baudó (Pizarro),130
2009,March,Nariño,El Charco,1000
2009,March,Arauca,Tame,20
2009,April,Chocó,Alto Baudó (Pie de Pato),0
2009,April,Antioquia,Medellín,10
2009,April,Nariño,Ipiales,0
2009,April,Chocó,Unguía,0
2009,May,Bolivar,San Pablo,0
2009,May,Córdoba,San Pelayo,0
2009,May,Córdoba,San Pelayo,0
2009,May,Arauca,Arauca,0
2009,May,Santander,El Playón,150
2009,May,Córdoba,San Pelayo,0
2009,May,Cesar,Chiriguaná,0
2009,May,Antioquia,Dabeiba,18
2009,May,Chocó,Nuquí,0
2009,May,Antioquia,Carolina,0
2009,June,Cesar,Agustín Codazzi,0
2009,June,Nariño,Puerres,51
2009,June,Arauca,Tame,72
2009,June,Nariño,San Juan de Pasto,250
2009,June,Antioquia,Ituango,682
2009,June,Cesar,Agustín Codazzi,5
2009,June,Cesar,Agustín Codazzi,10
2009,June,Antioquia,Ituango,682
2009,July,Antioquia,Ituango,0
2009,July,Córdoba,Tierralta,21
2009,July,Córdoba,Tierralta,21
2009,July,Córdoba,Montelíbano,224
2009,July,Norte de Santander,Teorama,0
2009,July,Antioquia,Mutatá,0
2009,August,Cauca,Buenos Aires,3800
2009,August,Cauca,López (Micay),3800
2009,August,Antioquia,Medellín,0
2009,August,Chocó,Bajo Baudó (Pizarro),0
2009,August,Nariño,Magüi (Payán),0
2009,August,Risaralda,Pueblo Rico,70
2009,September,Córdoba,San José de Uré,0
2009,September,Nariño,Tumaco,0
2009,September,Chocó,Bajo Baudó (Pizarro),188
2009,September,Bolivar,San Pablo,84
2009,September,Nariño,Tumaco,0
2009,September,Cauca,Guapí,212
2009,September,,,654
2009,September,Antioquia,Sonsón,0
2009,September,Antioquia,Medellín,0
2009,October,Risaralda,Pueblo Rico,0
2009,October,Huila,Colombia,0
2009,October,Córdoba,Tierralta,400
2009,October,Córdoba,Tierralta,53
2009,October,Bogotá D.C.,Bogotá D.C.,15
2009,October,Valle del Cauca,Buenaventura,110
2009,November,Nariño,Barbacoas,0
2009,November,Valle del Cauca,Buenaventura,134
2009,November,Valle del Cauca,Buenaventura,200
2009,November,Córdoba,Montelíbano,0
2009,November,Cauca,Argelia,41
2009,December,Tolima,Icononzo,35
2009,December,Antioquia,Cáceres,57
2009,December,Antioquia,Medellín,20
2010,January,Nariño,La Tola,0
2010,January,Chocó,Alto Baudó (Pie de Pato),150
2010,January,Antioquia,Cáceres,55
2010,January,Chocó,Alto Baudó (Pie de Pato),155
2010,January,Arauca,Tame,13
2010,January,Chocó,Bajo Baudó (Pizarro),1
2010,February,Antioquia,Cáceres,29
2010,February,Chocó,Bajo Baudó (Pizarro),1081
2010,February,Antioquia,Cáceres,4
2010,February,Antioquia,Cáceres,7
2010,February,Antioquia,Cáceres,7
2010,February,Antioquia,Cáceres,6
2010,February,Antioquia,Cáceres,5
2010,February,Antioquia,Urrao,55
2010,February,Chocó,Bajo Baudó (Pizarro),1500
2010,February,Nariño,Olaya Herrera,300
2010,February,Córdoba,Tierralta,42
2010,March,Antioquia,Urrao,55
2010,March,Córdoba,Montelíbano,50
2010,March,,,130
2010,March,Cauca,Caloto,435
2010,March,Nariño,Policarpa,41
2010,March,Chocó,Bajo Baudó (Pizarro),300
2010,April,Antioquia,Ituango,890
2010,April,Antioquia,Ituango,2
2010,April,Cesar,Aguachica,8
2010,April,Cesar,Aguachica,13
2010,April,Cesar,Aguachica,23
2010,April,Chocó,Istmina,265
2010,April,Nariño,Tumaco,68
2010,April,Chocó,Istmina,179
2010,April,Antioquia,Ituango,65
2010,April,Guaviare,San José del Guaviare,26
2010,April,Cauca,Toribío,0
2010,May,Cauca,Caloto,0
2010,May,Córdoba,Tierralta,81
2010,May,Bogotá D.C.,Bogotá D.C.,80
2010,May,Caquetá,Florencia,24
2010,May,Caquetá,Florencia,34
2010,May,Valle del Cauca,Buenaventura,300
2010,May,Putumayo,Puerto Asís,250
2010,May,Arauca,Arauca,0
2010,May,Arauca,Arauquita,0
2010,June,Arauca,Tame,0
2010,June,Antioquia,Medellín,32
2010,June,Nariño,Tumaco,130
2010,July,Córdoba,Montelíbano,90
2010,August,Nariño,El Charco,0
2010,August,Chocó,El Litoral de San Juan,300
2010,August,Cauca,Caloto,200
2010,August,Antioquia,Nechí,480
2010,August,Antioquia,Medellín,51
2010,August,Cauca,Caloto,380
2010,August,Córdoba,Tierralta,295
2010,August,Chocó,Medio Baudó,250
2010,August,Antioquia,Medellín,40
2010,August,Córdoba,Planeta Rica,20
2010,August,Meta,El Castillo,75
2010,August,Meta,El Castillo,75
2010,September,Córdoba,Tierralta,20
2010,September,Tolima,Anzoátegui,25
2010,September,Chocó,El Carmen de Atrato,31
2010,September,Bolivar,Cartagena,10
2010,September,Nariño,Olaya Herrera,260
2010,October,Nariño,El Charco,0
2010,October,Córdoba,Puerto Libertador,0
2010,October,Antioquia,Medellín,75
2010,October,Antioquia,Zaragoza,50
2010,October,Nariño,El Charco,67
2010,October,Cauca,Timbiquí,26
2010,October,Caquetá,San Vicente del Caguán,18
2010,October,Nariño,El Charco,29
2010,October,Antioquia,Medellín,49
2010,November,Chocó,Acandí,12
2010,November,Chocó,Medio Baudó,53
2010,December,La Guajira,Barrancas,0
2010,December,La Guajira,Barrancas,250
2011,January,Meta,Vista Hermosa,65
2011,January,Córdoba,Tierralta,272
2011,January,Córdoba,Tierralta,0
2011,January,Cauca,Caloto,2
2011,January,Antioquia,Anorí,0
2011,January,Chocó,Ríosucio,52
2011,February,Cauca,Timbiquí,150
2011,February,Chocó,Río Iró,90
2011,February,Chocó,Medio Atrato,213
2011,February,Córdoba,Tierralta,0
2011,February,Córdoba,Tierralta,25
2011,February,Córdoba,Planeta Rica,20
2011,February,Córdoba,Montelíbano,0
2011,March,Putumayo,San Miguel,10
2011,March,Chocó,Bajo Baudó (Pizarro),1081
2011,March,Córdoba,Tierralta,60
2011,March,Valle del Cauca,Buenaventura,800
2011,March,Norte de Santander,Sardinata,0
2011,April,Antioquia,Zaragoza,0
2011,April,Chocó,Unguía,80
2011,April,Córdoba,Montelíbano,0
2011,April,Nariño,El Charco,0
2011,April,Nariño,El Charco,330
2011,April,Cauca,Timbiquí,0
2011,April,Nariño,Policarpa,75
2011,April,Antioquia,Cáceres,95
2011,April,Córdoba,Puerto Libertador,325
2011,April,Cauca,Inzá,0
2011,May,Chocó,Quibdó,44
2011,May,Putumayo,Puerto Leguízamo,0
2011,May,Putumayo,Puerto Asís,40
2011,May,Cauca,Corinto,0
2011,May,Chocó,Bagadó,23
2011,May,Cauca,Caloto,150
2011,June,Antioquia,Chigorodó,80
2011,June,Córdoba,Montelíbano,70
2011,June,Huila,Colombia,0
2011,June,Cesar,Agustín Codazzi,5
2011,June,Cesar,Agustín Codazzi,9
2011,June,Bolivar,San Pablo,0
2011,July,Córdoba,Montelíbano,0
2011,July,Córdoba,Puerto Libertador,0
2011,July,Bolivar,San Pablo,60
2011,July,La Guajira,Maicao,32
2011,July,Nariño,Barbacoas,303
2011,August,Córdoba,Montelíbano,60
2011,August,Córdoba,Montelíbano,25
2011,August,Valle del Cauca,Pradera,170
2011,August,Córdoba,Tierralta,500
2011,August,Córdoba,Tierralta,200
2011,August,Cauca,Argelia,1200
2011,August,Chocó,Bajo Baudó (Pizarro),55
2011,August,Nariño,Roberto Payán (San José),35
2011,August,Antioquia,Medellín,31
2011,August,Chocó,Acandí,0
2011,August,Meta,Puerto Concordia,79
2011,September,Cauca,Santander de Quilichao,100
2011,September,Antioquia,Nechí,25
2011,September,Nariño,El Rosario,50
2011,September,Nariño,Magüi (Payán),60
2011,September,Nariño,Cumbitara,0
2011,September,Valle del Cauca,Bolívar,0
2011,September,Valle del Cauca,Buenaventura,125
2011,September,Chocó,Medio San Juan (ANDAGOYA),0
2011,September,Cauca,Suárez,0
2011,September,Cauca,Argelia,82
2011,September,Nariño,Leiva,25
2011,September,Cauca,Timbiquí,218
2011,October,Córdoba,Montelíbano,95
2011,October,Cauca,Suárez,0
2011,October,Antioquia,Amalfi,60
2011,October,Córdoba,Montelíbano,180
2011,October,Córdoba,Tierralta,60
2011,October,Antioquia,Medellín,36
2011,November,Cauca,Morales,440
2011,November,Cauca,Caloto,181
2011,November,Cauca,Caloto,155
2011,November,Cauca,Caloto,150
2011,November,Meta,Mapiripan,55
2011,November,Chocó,Medio Baudó,56
2011,November,Chocó,Medio Baudó,0
2011,November,Cauca,Caloto,60
2011,November,Nariño,Barbacoas,50
2011,November,Chocó,Bajo Baudó (Pizarro),51
2011,December,Valle del Cauca,Pradera,70
2011,December,Chocó,Bagadó,65
2011,December,Chocó,Medio Baudó,61
2011,December,Cauca,Timbiquí,60
2011,December,Nariño,Barbacoas,215
2011,December,Antioquia,Tarazá,0
2011,July,Tolima,Líbano,13
2011,July,Arauca,Fortúl,68
2012,January,Nariño,El Charco,450
2012,January,Cundinamarca,Soacha,55
2012,January,Norte de Santander,Tibú,55
2012,January,Meta,Mapiripan,212
2012,January,Valle del Cauca,Pradera,400
2012,January,Norte de Santander,El Tarra,0
2012,January,Magdalena,Ciénaga,0
2012,January,La Guajira,Maicao,40
2012,February,Norte de Santander,El Tarra,797
2012,February,Boyacá,Puerto Boyacá,55
2012,February,Chocó,Medio Baudó,43
2012,February,Tolima,Chaparral,0
2012,February,Córdoba,Montelíbano,0
2012,February,Cauca,Guapí,0
2012,February,Chocó,El Carmen de Atrato,0
2012,February,Meta,Puerto Concordia,63
2012,February,Chocó,Atrato (Yuto),30
2012,February,Norte de Santander,El Tarra,340
2012,February,Cauca,Caloto,0
2012,February,Cauca,Caloto,0
2012,February,Cauca,Caldono,0
2012,February,Cauca,Caloto,0
2012,February,Cauca,Caldono,120
2012,February,Nariño,Ricaurte,0
2012,February,Antioquia,Ituango,20
2012,March,Cauca,Timbiquí,0
2012,March,Cauca,Timbiquí,0
2012,March,Antioquia,Vigía del Fuerte,0
2012,March,Córdoba,Montelíbano,0
2012,March,Nariño,Tumaco,53
2012,March,Cauca,Miranda,0
2012,March,Putumayo,Valle del Guamuez,250
2012,March,Cauca,Timbío,4
2012,March,Nariño,Tumaco,79
2012,March,Norte de Santander,Chitagá,22
2012,March,Chocó,Atrato (Yuto),0
2012,March,Chocó,Ríosucio,0
2012,April,Cauca,Caloto,193
2012,April,Nariño,Olaya Herrera,0
2012,April,Cauca,Miranda,210
2012,April,Córdoba,Montelíbano,0
2012,April,Cauca,Corinto,0
2012,April,Cauca,Caloto,0
2012,April,Antioquia,Medellín,0
2012,April,Cauca,Morales,0
2012,April,Antioquia,Medellín,0
2012,May,Caquetá,Puerto Rico,65
2012,May,Antioquia,Yarumal,85
2012,May,Antioquia,Toledo,0
2012,May,Antioquia,Toledo,0
2012,May,Cauca,Guapí,81
2012,May,Cauca,Guapí,118
2012,May,Antioquia,Remedios,0
2012,May,Cauca,Miranda,0
2012,May,Cauca,Miranda,0
2012,May,Cauca,Miranda,0
2012,May,Cauca,Toribío,0
2012,May,Nariño,Roberto Payán (San José),0
2012,May,La Guajira,Maicao,0
2012,May,Cauca,Miranda,0
2012,May,Risaralda,Pueblo Rico,100
2012,May,Antioquia,Segovia,75
2012,June,,,0
2012,June,Antioquia,Medellín,60
2012,June,Antioquia,Medellín,14
2012,June,Antioquia,Medellín,8
2012,June,Antioquia,Medellín,12
2012,June,Antioquia,Medellín,3
2012,June,Cauca,Timbiquí,0
2012,June,Cauca,Miranda,3
2012,June,Nariño,Leiva,399
2012,June,Antioquia,Medellín,0
2012,July,Cauca,Argelia,0
2012,July,Cauca,Suárez,0
2012,July,Risaralda,Pueblo Rico,0
2012,July,Bolivar,Santa Rosa del Sur,250
2012,July,Cauca,Miranda,0
2012,July,Cauca,Santander de Quilichao,0
2012,July,Cauca,Miranda,0
2012,July,Cauca,Toribío,0
2012,July,Chocó,Bagadó,0
2012,July,Putumayo,Puerto Asís,0
2012,August,Valle del Cauca,Buenaventura,150
2012,August,Antioquia,Segovia,0
2012,August,Córdoba,Tierralta,0
2012,August,Nariño,Tumaco,0
2012,August,Cauca,Caloto,0
2012,August,Cauca,Caloto,0
2012,August,Antioquia,Segovia,34
2012,August,Antioquia,Segovia,5
2012,August,Antioquia,Segovia,24
2012,August,Antioquia,Andes,30
2012,September,Nariño,Roberto Payán (San José),0
2012,September,Nariño,Sotomayor (Los Andes),110
2012,September,Guaviare,San José del Guaviare,40
2012,September,Chocó,Medio Baudó,0
2012,September,Nariño,Policarpa,0
2012,September,Antioquia,Ituango,0
2012,September,Valle del Cauca,Buenaventura,0
2012,September,Nariño,El Charco,880
2012,September,La Guajira,Fonseca,0
2012,September,Cauca,Morales,0
2012,September,Putumayo,Puerto Asís,70
2012,September,Nariño,Ricaurte,0
2012,September,Nariño,Tumaco,0
2012,October,Córdoba,Tierralta,15
2012,October,Antioquia,Medellín,75
2012,October,Norte de Santander,San Calixto,0
2012,October,Nariño,Policarpa,0
2012,October,Valle del Cauca,Buenaventura,0
2012,October,Cauca,Morales,0
2012,October,Nariño,Policarpa,0
2012,October,Valle del Cauca,Pradera,42
2012,October,Cauca,Suárez,292
2012,October,Córdoba,Montelíbano,135
2012,November,Valle del Cauca,Buenaventura,169
2012,November,Valle del Cauca,Buenaventura,93
2012,November,Valle del Cauca,Buenaventura,181
2012,November,Antioquia,Remedios,0
2012,November,Antioquia,Segovia,0
2012,November,Valle del Cauca,Pradera,0
2012,November,Cauca,Morales,0
2012,November,Cauca,Suárez,0
2012,November,Nariño,Ricaurte,203
2012,November,Antioquia,Remedios,297
2012,November,Antioquia,Medellín,0
2012,November,Norte de Santander,Sardinata,390
2012,November,Cauca,El Tambo,0
2012,November,Cauca,Caloto,0
2012,November,Cauca,Caloto,225
2012,November,Valle del Cauca,Buenaventura,661
2012,November,Cauca,Argelia,0
2012,November,Cauca,Caloto,65
2012,November,Antioquia,Medellín,10
2012,November,Cauca,Corinto,0
2012,November,Cauca,Corinto,1500
2012,November,Cauca,Caloto,0
2012,November,Antioquia,Medellín,0
2012,November,Antioquia,Medellín,110
2012,November,Norte de Santander,El Tarra,0
2012,November,Antioquia,Vigía del Fuerte,0
2012,November,Antioquia,Vigía del Fuerte,0
2012,November,Atlántico,Barranquilla,0
2012,November,Córdoba,Tierralta,145
2012,December,Chocó,Tadó,0
2012,December,Chocó,Tadó,593
2012,December,Nariño,Ricaurte,0
2012,December,Antioquia,Medellín,107
2012,December,Nariño,Ricaurte,0
2012,December,Magdalena,Santa Marta,27
2012,December,Chocó,Quibdó,101
2012,December,Magdalena,Santa Marta,95
2012,December,Magdalena,Santa Marta,93
2012,December,Córdoba,Tierralta,0
2012,December,Magdalena,Santa Marta,139
2013,January,Chocó,El Litoral de San Juan,706
2013,January,Chocó,El Litoral de San Juan,454
2013,January,Córdoba,Tierralta,72
2013,January,Antioquia,Vegachí,98
2012,February,Cauca,Caloto,0
2012,March,Cauca,Timbiquí,0
2012,March,Cauca,Miranda,0
2012,March,Cauca,Guapí,0
2012,March,Chocó,Ríosucio,100
2012,April,Chocó,Carmen del Darién (CURVARADÓ),29
2012,April,Cauca,Caloto,0
2012,April,Valle del Cauca,Buenaventura,528
2012,April,Cauca,Miranda,0
2012,April,Chocó,El Litoral de San Juan,510
2012,April,Cauca,Corinto,0
2012,April,Cauca,Caloto,0
2012,April,Cauca,Caloto,0
2012,April,Cauca,Morales,0
2012,April,Cauca,Suárez,0
2012,May,Cauca,Guapí,0
2012,May,Cauca,Miranda,0
2012,May,Cauca,Miranda,0
2012,May,Chocó,Bagadó,107
2012,May,Chocó,Bagadó,650
2012,June,Cauca,Caloto,0
2012,June,Cauca,Timbiquí,0
2012,July,Cauca,Argelia,0
2012,July,Chocó,Bagadó,19
2012,July,Chocó,Bagadó,51
2012,July,Cauca,Suárez,0
2012,July,Cauca,Jambaló,0
2012,July,Cauca,Jambaló,0
2012,July,Cauca,Miranda,0
2012,July,Cauca,Toribío,0
2012,July,Cauca,Toribío,0
2012,July,Cauca,Caloto,0
2012,July,Chocó,Bagadó,657
2012,July,Chocó,Bagadó,1503
2012,August,Cauca,Suárez,0
2012,August,Valle del Cauca,Buenaventura,175
2012,August,Cauca,Guapí,0
2012,August,Cauca,Corinto,0
2012,August,Cauca,Caloto,0
2012,September,Chocó,Medio Baudó,202
2012,September,Cauca,Morales,0
2012,October,Valle del Cauca,Buenaventura,263
2012,October,Cauca,Morales,0
2012,October,Cauca,Suárez,0
2012,October,Valle del Cauca,Buenaventura,626
2012,October,Valle del Cauca,Buenaventura,2413
2012,November,Valle del Cauca,Buenaventura,169
2012,November,Valle del Cauca,Buenaventura,181
2012,November,Cauca,Caloto,0
2012,November,Cauca,Caloto,0
2012,November,Cauca,Caloto,0
2012,November,Cauca,Corinto,0
2012,December,Chocó,Tadó,469
2012,December,Chocó,Bajo Baudó (Pizarro),1234
2013,January,Chocó,Bajo Baudó (Pizarro),403
2013,January,Valle del Cauca,Calí,80
2013,January,Nariño,Tumaco,0
2013,January,Cauca,Argelia,57
2013,January,Cauca,Suárez,400
2013,January,Putumayo,Puerto Asís,4
2013,January,Nariño,Magüi (Payán),226
2013,February,Valle del Cauca,Buenaventura,288
2013,February,Nariño,Leiva,452
2013,February,Guaviare,San José del Guaviare,150
2013,February,Cauca,López (Micay),80
2013,February,Cauca,López (Micay),80
2013,February,Cauca,López (Micay),160
2013,February,Cauca,López (Micay),200
2013,February,Cauca,Morales,525
2013,February,Valle del Cauca,Buenaventura,257
2013,February,La Guajira,Riohacha,100
2013,February,Cauca,Buenos Aires,106
2013,February,Chocó,Bagadó,125
2013,February,Nariño,Ricaurte,0
2013,March,Cauca,Suárez,0
2013,March,Cauca,Guapí,800
2013,March,Antioquia,Tarazá,199
2013,March,Antioquia,Tarazá,15
2013,March,Antioquia,Tarazá,236
2013,March,Cauca,Suárez,102
2013,March,Antioquia,Ituango,85
2013,March,Nariño,Barbacoas,273
2013,March,Córdoba,Tierralta,67
2013,March,Cauca,Timbiquí,0
2013,March,Valle del Cauca,Buenaventura,60
2013,March,Antioquia,Medellín,552
2013,April,Córdoba,Tierralta,60
2013,April,Cauca,Argelia,120
2013,April,Antioquia,Medellín,80
2013,April,Nariño,Leiva,65
2013,April,Putumayo,Puerto Asís,190
2013,May,Nariño,Tumaco,320
2013,May,Antioquia,Medellín,95
2013,May,Nariño,Tumaco,244
2013,May,Putumayo,Orito,122
2013,May,Chocó,El Carmen de Atrato,63
2013,June,Antioquia,Armenia,38
2013,June,Chocó,Ríosucio,56
2013,June,Cauca,Suárez,0
2013,June,Cauca,Argelia,300
2013,June,Cauca,Guapí,0
2013,January,Antioquia,Turbo,48
2013,January,Antioquia,Medellín,27
2013,February,Antioquia,Remedios,43
2013,May,Cauca,Caloto,40
2013,May,Chocó,Ríosucio,115
2013,May,Nariño,Roberto Payán (San José),44
2013,May,Antioquia,Turbo,47
2013,June,Caquetá,Milán,200
2013,June,Chocó,Sipí,0
2013,June,Valle del Cauca,Buenaventura,60
2013,June,Norte de Santander,Ocaña,120
2013,June,Cauca,Suárez,444
2013,July,Norte de Santander,El Tarra,42
2013,July,Norte de Santander,El Tarra,24
2013,July,Cauca,Buenos Aires,0
2013,August,Chocó,Nuquí,182
2013,August,Putumayo,Valle del Guamuez,80
2013,August,Cauca,Toribío,350
2013,August,Nariño,Leiva,500
2013,August,Cauca,Toribío,90
2013,August,Chocó,Bojayá (Bellavista),7
2013,August,Chocó,Bojayá (Bellavista),21
2013,August,Chocó,Bojayá (Bellavista),30
2013,August,Chocó,El Carmen de Atrato,121
2013,August,Córdoba,Tierralta,73
2013,August,Córdoba,Tierralta,209
2013,August,Córdoba,Tierralta,74
2013,September,Norte de Santander,Sardinata,300
2012,January,Cundinamarca,Soacha,80
2013,October,Cauca,Buenos Aires,0
2013,October,Nariño,Ricaurte,50
2013,November,Valle del Cauca,Buenaventura,6000
2013,October,Nariño,Ricaurte,0
2013,October,Chocó,Bagadó,96
2013,October,Antioquia,El Bagre,612
2013,November,Cauca,Miranda,75
2013,November,Cauca,Miranda,326
2013,November,Cauca,Toribío,0
2013,November,Córdoba,Tierralta,18
2013,November,Córdoba,Tierralta,5
2013,November,Córdoba,Tierralta,58
2013,November,Antioquia,Tarazá,0
2013,November,Cauca,Toribío,0
2013,December,Cauca,Toribío,0
2013,December,Antioquia,Medellín,48
2014,January,Nariño,Ricaurte,1120
2014,January,Chocó,Ríosucio,25
2014,January,Chocó,Ríosucio,49
2014,January,Cauca,Toribío,74
2014,January,Valle del Cauca,Buenaventura,191
2014,January,Valle del Cauca,Buenaventura,75
2014,January,Putumayo,Puerto Asís,50
2014,February,Norte de Santander,El Tarra,25
2014,February,Norte de Santander,El Tarra,49
2014,February,Norte de Santander,El Tarra,29
2014,February,Cauca,Buenos Aires,259
2014,February,Chocó,Medio Atrato,33
2014,February,Chocó,Medio Atrato,23
2014,February,Chocó,Medio Atrato,10
2014,February,Chocó,Medio Atrato,28
2014,February,Cauca,Jambaló,646
2014,February,Nariño,Francisco Pizarro,400
2014,February,Nariño,Cumbitara,98
2014,March,Cauca,Buenos Aires,510
2014,March,Cauca,Morales,75
2014,March,Valle del Cauca,Buenaventura,173
2014,March,Cauca,Guapí,66
2014,March,Cauca,Guapí,21
2014,March,Cauca,Guapí,61
2014,March,Cauca,Guapí,20
2014,March,Valle del Cauca,Buenaventura,589
2014,March,Cauca,Toribío,138
2014,March,Cauca,Toribío,16
2014,March,Cauca,Toribío,3
2014,March,Cauca,Toribío,9
2014,March,Cauca,Toribío,7
2014,March,Cauca,Guapí,229
2014,March,Cauca,Guapí,18
2014,March,Cauca,Guapí,143
2014,March,Nariño,Tumaco,443
2014,March,Cauca,Guapí,0
2014,April,Cauca,Guapí,54
2014,April,Cauca,Guapí,269
2014,April,Guaviare,San José del Guaviare,20
2014,April,Guaviare,San José del Guaviare,19
2014,April,Norte de Santander,San Calixto,72
2014,April,Norte de Santander,San Calixto,38
2014,April,Putumayo,Villagarzón,274
2014,April,Valle del Cauca,Buenaventura,112
2014,May,Chocó,Alto Baudó (Pie de Pato),2006
2014,April,Norte de Santander,San Calixto,113
2014,April,Norte de Santander,San Calixto,58
2014,May,Nariño,Barbacoas,49
2014,March,Cauca,El Tambo,160
2014,June,Chocó,Alto Baudó (Pie de Pato),0
2014,June,Chocó,Quibdó,109
2014,June,Chocó,Quibdó,93
2014,June,Norte de Santander,San Calixto,188
2014,June,Norte de Santander,San Calixto,202
2014,June,Norte de Santander,San Calixto,241
2013,December,Nariño,Tumaco,287
2013,December,Valle del Cauca,Buenaventura,35
2013,December,Valle del Cauca,Buenaventura,25
2013,December,Córdoba,Puerto Libertador,105
2013,December,Chocó,Novita,115
2013,November,Antioquia,Zaragoza,216
2013,September,Córdoba,Tierralta,52
2013,September,Norte de Santander,Cúcuta,270
2013,September,Norte de Santander,Cúcuta,90
2013,September,Norte de Santander,Cúcuta,160
2013,August,Antioquia,Apartadó,70
2013,August,Antioquia,Amalfi,485
2013,August,Chocó,Ríosucio,85
2013,August,Córdoba,Tierralta,8
2013,August,Córdoba,Tierralta,17
2013,August,Córdoba,Tierralta,19
2013,June,Guaviare,San José del Guaviare,0
2013,May,Antioquia,Medellín,57
2013,May,Antioquia,Medellín,98
2013,May,Antioquia,Medellín,147
2013,May,Putumayo,Villagarzón,50
2013,March,Antioquia,Turbo,44
2013,January,Córdoba,Tierralta,84
2013,January,Córdoba,Tierralta,80
2013,January,Córdoba,Tierralta,53
2013,January,Córdoba,Tierralta,2
2013,February,Chocó,Bajo Baudó (Pizarro),52
2013,February,Chocó,Bajo Baudó (Pizarro),75
2014,July,Putumayo,Puerto Asís,315
2014,June,Chocó,Nuquí,270
2014,January,Risaralda,Mistrató,50
2014,August,La Guajira,Fonseca,144
2014,August,Nariño,Tumaco,131
2014,September,Chocó,El Litoral de San Juan,60
2014,September,Chocó,El Litoral de San Juan,8
2014,September,Chocó,El Litoral de San Juan,5
2014,September,Nariño,Tumaco,85
2014,September,Nariño,Tumaco,577
2014,July,Norte de Santander,San Calixto,356
2014,September,Nariño,Policarpa,223
2014,September,Cauca,Guapí,313
2014,September,Cauca,Guapí,62
2014,September,Córdoba,Puerto Libertador,20
2014,September,Córdoba,Puerto Libertador,17
2014,September,Córdoba,Puerto Libertador,10
2014,September,Córdoba,Puerto Libertador,22
2014,September,Valle del Cauca,Bolívar,56
2014,September,Valle del Cauca,Bolívar,4
2014,August,La Guajira,Riohacha,165
2014,July,Chocó,Nuquí,65
2014,January,Putumayo,Puerto Asís,165
2014,July,Nariño,Tumaco,150
2014,September,Valle del Cauca,Buenaventura,70
2014,September,Valle del Cauca,Buenaventura,45
2014,September,Valle del Cauca,Buenaventura,40
2014,September,Valle del Cauca,Buenaventura,36
2014,September,Valle del Cauca,Buenaventura,48
2014,September,Valle del Cauca,Buenaventura,40
2014,September,Valle del Cauca,Buenaventura,320
2014,September,Valle del Cauca,Buenaventura,34
2014,September,Valle del Cauca,Buenaventura,148
2014,September,Valle del Cauca,Buenaventura,15
2014,September,Valle del Cauca,Buenaventura,121
2014,September,Valle del Cauca,Buenaventura,38
2014,September,Valle del Cauca,Buenaventura,141
2014,September,Valle del Cauca,Buenaventura,26
2014,September,Valle del Cauca,Buenaventura,105
2014,September,Cauca,López (Micay),80
2014,October,Magdalena,Remolino,0
2014,August,Córdoba,Puerto Libertador,122
2014,October,Cauca,Guapí,202
2014,May,Chocó,Alto Baudó (Pie de Pato),46
2014,August,Chocó,Alto Baudó (Pie de Pato),55
2014,November,Cauca,Caloto,11
2014,November,Cauca,Caloto,23
2014,November,Cauca,Caloto,13
2014,November,Cauca,Caloto,2
2014,November,Cauca,Caloto,12
2014,November,Nariño,Francisco Pizarro,272
2014,November,Cauca,Timbiquí,0
2014,November,Chocó,El Litoral de San Juan,193
2014,November,Chocó,El Litoral de San Juan,16
2014,November,Chocó,El Litoral de San Juan,10
2014,November,Chocó,El Litoral de San Juan,10
2014,November,Chocó,El Litoral de San Juan,10
2014,November,Valle del Cauca,Buenaventura,260
2014,November,Valle del Cauca,Buenaventura,11
2014,November,Valle del Cauca,Buenaventura,13
2014,December,Chocó,Medio Atrato,395
2014,December,Chocó,Quibdó,94
2014,December,Chocó,El Litoral de San Juan,0
2014,October,Chocó,El Litoral de San Juan,65
2014,October,Chocó,El Litoral de San Juan,16
2014,October,Chocó,El Litoral de San Juan,17
2014,October,Chocó,El Litoral de San Juan,9
2014,October,Chocó,El Litoral de San Juan,19
2015,January,Nariño,Cumbitara,103
2014,December,Nariño,Barbacoas,74
2015,February,Antioquia,Vigía del Fuerte,0
2015,February,Cauca,Caloto,314
2015,February,Norte de Santander,San Calixto,0
2015,February,Cauca,Caloto,280
2014,December,Nariño,El Charco,0
2015,February,Chocó,Bajo Baudó (Pizarro),193
2015,February,Chocó,Bajo Baudó (Pizarro),462
2015,March,Antioquia,Zaragoza,158
2015,March,Cauca,Timbiquí,909
2015,March,Antioquia,Turbo,223
2015,March,Antioquia,Toledo,77
2015,March,Antioquia,Toledo,8
2015,April,Norte de Santander,Hacarí,112
2015,February,Cauca,Caloto,60
2015,April,Chocó,Bagadó,654
2015,April,Antioquia,Angostura,256
2015,May,Antioquia,Zaragoza,529
2015,May,Cauca,Guapí,467
2015,May,Chocó,El Carmen de Atrato,171
2015,May,Cauca,López (Micay),326
2015,June,Norte de Santander,Sardinata,0
2015,June,Cauca,López (Micay),327
2015,May,Nariño,El Charco,400
2015,June,Chocó,El Litoral de San Juan,142
2015,June,Nariño,Cumbitara,236
2015,April,Nariño,Samaniego,66
2015,June,Antioquia,Urrao,432
2015,July,Cauca,Argelia,112
2015,July,Norte de Santander,Tibú,217
2015,July,Nariño,Policarpa,71
2015,July,Norte de Santander,El Tarra,556
2015,July,Norte de Santander,Tibú,400
2015,July,Putumayo,Puerto Asís,0
2015,August,Antioquia,Chigorodó,575
2015,July,Chocó,Bajo Baudó (Pizarro),197
2015,August,Norte de Santander,La Playa,0
2015,August,Meta,Puerto Concordia,247
2015,September,Chocó,El Carmen de Atrato,239
2015,September,Cauca,Morales,540
2015,September,Cauca,Morales,40
2015,September,Cauca,Morales,200
2015,September,Cauca,Morales,10
2015,November,Antioquia,Apartadó,120
2015,November,Cauca,Argelia,80
2015,November,Chocó,Ríosucio,143
2015,December,Chocó,El Litoral de San Juan,118
2015,December,Chocó,El Litoral de San Juan,6
2015,December,Chocó,El Litoral de San Juan,223
2015,December,Chocó,El Litoral de San Juan,236
2016,January,Antioquia,El Bagre,570
2016,January,Córdoba,Puerto Libertador,127
2016,January,Córdoba,Puerto Libertador,25
2016,February,Chocó,Alto Baudó (Pie de Pato),182
2016,February,Chocó,Alto Baudó (Pie de Pato),454
2016,February,Nariño,Tumaco,300
2016,February,Chocó,Alto Baudó (Pie de Pato),250
2016,February,Chocó,Alto Baudó (Pie de Pato),13
2016,February,Chocó,Alto Baudó (Pie de Pato),17
2016,February,Chocó,Alto Baudó (Pie de Pato),19
2016,March,Valle del Cauca,Buenaventura,5
2016,March,Valle del Cauca,Buenaventura,30
2016,March,Valle del Cauca,Buenaventura,15
2016,March,Valle del Cauca,Buenaventura,17
2016,March,Chocó,El Litoral de San Juan,31
2016,March,Chocó,El Litoral de San Juan,1130
2016,April,Chocó,El Litoral de San Juan,251
2016,April,Chocó,El Litoral de San Juan,216
2016,March,Chocó,El Litoral de San Juan,56
2016,March,Chocó,Medio Baudó,210
2016,March,Chocó,Medio Baudó,449
2016,April,Chocó,Bajo Baudó (Pizarro),359
2016,March,Chocó,El Litoral de San Juan,682
2016,March,Chocó,El Litoral de San Juan,216
2016,March,Chocó,El Litoral de San Juan,28
2016,May,Cauca,López (Micay),38
2016,May,Cauca,López (Micay),16
2016,May,Cauca,López (Micay),25
2016,May,Cauca,López (Micay),26
2016,May,Chocó,El Litoral de San Juan,251
2016,May,Chocó,El Litoral de San Juan,216
2016,May,Valle del Cauca,Buenaventura,27
2016,July,Córdoba,Puerto Libertador,49
2016,August,Norte de Santander,Teorama,88
2016,August,Chocó,Lloró,348
2016,August,Chocó,El Litoral de San Juan,44
2016,August,Chocó,El Litoral de San Juan,38
2016,August,Chocó,El Litoral de San Juan,38
2016,May,Norte de Santander,Hacarí,567
2016,August,Norte de Santander,El Tarra,268
2016,August,Nariño,Santa Bárbara (Iscuandé),18
2016,August,Nariño,Santa Bárbara (Iscuandé),35
2016,August,Nariño,Santa Bárbara (Iscuandé),28
2016,August,Nariño,Santa Bárbara (Iscuandé),30
2016,August,Nariño,Santa Bárbara (Iscuandé),28
2016,August,Córdoba,Puerto Libertador,66
2016,August,Norte de Santander,Sardinata,83
2016,August,Norte de Santander,Sardinata,69
2016,August,Norte de Santander,Sardinata,125
2016,August,Norte de Santander,Sardinata,85
2016,July,Norte de Santander,El Carmen,69
2016,July,Norte de Santander,El Carmen,66
2016,September,Córdoba,San José de Uré,46
2016,August,Nariño,Barbacoas,30
2016,August,Nariño,Barbacoas,26
2016,August,Nariño,Barbacoas,11
2016,August,Nariño,Barbacoas,21
2016,April,Chocó,Bajo Baudó (Pizarro),92
2016,September,Tolima,Rovira,0
2016,October,Risaralda,Pueblo Rico,136
2016,October,Risaralda,Pueblo Rico,103
2016,October,Chocó,El Litoral de San Juan,170
2016,November,Norte de Santander,Puerto Santander,0
2016,November,Norte de Santander,San Calixto,145
2016,November,Norte de Santander,San Calixto,44
2016,November,Norte de Santander,San Calixto,59
2016,November,Chocó,Tadó,0
2016,November,Nariño,Tumaco,84
2016,November,Nariño,Tumaco,62
2016,November,Nariño,Tumaco,67
2016,November,Nariño,Tumaco,65
2016,December,Chocó,Bahía Solano (Mútis),31
2016,December,Chocó,Bahía Solano (Mútis),100
2016,December,Chocó,Bahía Solano (Mútis),196
2017,January,Nariño,Tumaco,336
2017,January,Valle del Cauca,Buenaventura,0
2017,February,Chocó,Lloró,0
2017,February,Valle del Cauca,Buenaventura,63
2017,February,Valle del Cauca,Buenaventura,58
2017,February,Valle del Cauca,Buenaventura,32
2017,February,Norte de Santander,Teorama,51
2017,February,Norte de Santander,Teorama,11
2017,February,Norte de Santander,Teorama,54
2017,February,Norte de Santander,Teorama,5
2017,February,Cauca,Timbiquí,0
2017,February,Chocó,El Litoral de San Juan,1146
2017,February,Nariño,Santa Bárbara (Iscuandé),34
2017,February,Nariño,Santa Bárbara (Iscuandé),36
2017,February,Nariño,Santa Bárbara (Iscuandé),35
2017,February,Nariño,Santa Bárbara (Iscuandé),44
2017,February,Chocó,El Litoral de San Juan,106
2017,February,Chocó,Bajo Baudó (Pizarro),37
2017,March,Chocó,Alto Baudó (Pie de Pato),725
2017,March,Chocó,Lloró,38
2017,March,Chocó,El Litoral de San Juan,89
2017,March,Chocó,El Litoral de San Juan,22
2017,March,Chocó,El Litoral de San Juan,23
2017,March,Chocó,Lloró,93
2017,March,Chocó,Lloró,88
2017,March,Valle del Cauca,Calí,48
2017,March,Nariño,Mosquera,120
2017,March,Nariño,Francisco Pizarro,210
2017,March,Chocó,El Litoral de San Juan,43
2017,March,Chocó,El Litoral de San Juan,18
2017,March,Norte de Santander,Sardinata,10
2017,March,Norte de Santander,Sardinata,12
2017,March,Norte de Santander,Sardinata,0
2017,March,Chocó,Ríosucio,640
2017,March,Chocó,Ríosucio,320
2017,March,Valle del Cauca,Buenaventura,146
2017,April,Norte de Santander,El Carmen,0
2017,April,Norte de Santander,Sardinata,46
2017,April,Norte de Santander,Sardinata,34
2017,April,Norte de Santander,Sardinata,63
2017,April,Norte de Santander,Sardinata,34
2017,April,Norte de Santander,Hacarí,76
2017,April,Norte de Santander,Hacarí,84
2017,April,Norte de Santander,Hacarí,10
2017,April,Nariño,Santa Bárbara (Iscuandé),56
2017,April,Nariño,Santa Bárbara (Iscuandé),30
2017,April,Nariño,Santa Bárbara (Iscuandé),52
2017,April,Nariño,Santa Bárbara (Iscuandé),44
2017,April,Norte de Santander,El Carmen,472
2017,April,Norte de Santander,El Carmen,143
2017,April,Norte de Santander,El Carmen,463
2017,April,Norte de Santander,El Carmen,139
2017,January,Valle del Cauca,Buenaventura,0
2017,April,Risaralda,Pueblo Rico,816
2017,May,Chocó,Bahía Solano (Mútis),14
2017,May,Chocó,Bahía Solano (Mútis),12
2017,May,Chocó,Bahía Solano (Mútis),19
2017,May,Nariño,Santa Bárbara (Iscuandé),206
2017,May,Chocó,Tadó,279
2017,March,Chocó,Carmen del Darién (CURVARADÓ),115
2017,June,Chocó,Tadó,24
2017,June,Chocó,Tadó,19
2017,June,Chocó,Tadó,15
2017,June,Chocó,Tadó,22
2017,July,Norte de Santander,Hacarí,83
2017,July,Norte de Santander,Hacarí,29
2017,July,Norte de Santander,Hacarí,82
2017,July,Norte de Santander,Hacarí,42
2017,July,Chocó,Ríosucio,160
2017,July,Antioquia,Medellín,146
2017,July,Norte de Santander,Hacarí,45
2017,July,Norte de Santander,Hacarí,43
2017,August,Nariño,Barbacoas,92
2017,August,Nariño,Tumaco,96
2017,August,Nariño,Tumaco,107
2017,August,Nariño,Tumaco,186
2017,September,Nariño,Barbacoas,61
2017,September,Nariño,Barbacoas,42
2017,August,Chocó,Unguía,21
2017,August,Chocó,Unguía,32
2017,March,Arauca,Tame,40
2017,September,Nariño,Santa Bárbara (Iscuandé),56
2017,September,Nariño,Santa Bárbara (Iscuandé),82
2017,September,Nariño,Santa Bárbara (Iscuandé),52
2017,September,Nariño,Santa Bárbara (Iscuandé),71
2017,May,Antioquia,Remedios,61
2017,August,Antioquia,Medellín,90
2017,September,Norte de Santander,Hacarí,44
2017,September,Norte de Santander,Hacarí,14
2017,September,Norte de Santander,Hacarí,35
2017,September,Norte de Santander,Hacarí,31
2017,September,Nariño,El Charco,660
2017,October,Nariño,Tumaco,35
2017,October,Nariño,Tumaco,16
2017,October,Nariño,Tumaco,1600
2017,October,Chocó,Medio Baudó,111
2017,October,Chocó,Medio Baudó,92
2017,October,Chocó,Medio Baudó,92
2017,October,Chocó,Alto Baudó (Pie de Pato),1556
2017,November,Valle del Cauca,Buenaventura,48
2017,November,Nariño,Tumaco,60
2017,November,Nariño,Barbacoas,56
2017,November,Nariño,Tumaco,243
2017,November,Córdoba,Tierralta,733
2017,November,Nariño,Magüi (Payán),60
2017,November,Nariño,Magüi (Payán),49
2017,November,Nariño,Magüi (Payán),55
2017,November,Nariño,Magüi (Payán),45
2017,December,Putumayo,Puerto Asís,19
2017,December,Putumayo,Puerto Asís,9
2017,December,Cauca,Suárez,927
2017,December,Nariño,Mosquera,80
2018,January,Chocó,Ríosucio,48
2017,September,Antioquia,Medellín,63
2018,January,Nariño,Magüi (Payán),73
2018,January,Nariño,Magüi (Payán),48
2018,January,Nariño,Magüi (Payán),41
2018,January,Nariño,Magüi (Payán),26
2018,January,Nariño,Magüi (Payán),57
2018,January,Córdoba,San José de Uré,140
2018,January,Córdoba,San José de Uré,276
2018,January,Córdoba,San José de Uré,61
2018,January,Antioquia,Cáceres,531
2018,January,Nariño,Cumbal,570
2017,March,Chocó,Alto Baudó (Pie de Pato),165
2017,March,Chocó,Alto Baudó (Pie de Pato),92
2017,March,Chocó,Alto Baudó (Pie de Pato),64
2017,August,Chocó,Carmen del Darién (CURVARADÓ),492
2017,June,Putumayo,Puerto Guzmán,60
2018,January,Antioquia,Tarazá,150
2018,January,Guaviare,San José del Guaviare,65
2018,February,Norte de Santander,El Tarra,80
2018,February,Norte de Santander,El Tarra,27
2018,February,Norte de Santander,El Tarra,72
2018,February,Norte de Santander,El Tarra,32
2017,December,Nariño,Tumaco,190
2018,February,Chocó,Bagadó,64
2018,February,Antioquia,Cáceres,903
2017,December,Chocó,Quibdó,0
2018,February,Córdoba,San José de Uré,80
2018,February,Antioquia,Ituango,99
2018,January,Antioquia,Cáceres,154
2018,March,Antioquia,Caucasia,223
2018,March,Antioquia,Cáceres,19
2018,March,Nariño,Roberto Payán (San José),76
2018,March,Nariño,Roberto Payán (San José),36
2018,March,Nariño,Roberto Payán (San José),93
2018,March,Nariño,Roberto Payán (San José),107
2018,March,Nariño,Roberto Payán (San José),72
2018,March,Nariño,Roberto Payán (San José),89
2018,February,Chocó,Ríosucio,154
2018,March,Norte de Santander,San Calixto,0
2018,March,Norte de Santander,Hacarí,600
2018,March,Norte de Santander,Hacarí,231
2018,March,Norte de Santander,Hacarí,723
2018,March,Norte de Santander,Hacarí,272
2018,March,Arauca,Tame,59
2018,April,Norte de Santander,San Calixto,154
2018,April,Norte de Santander,San Calixto,96
2018,April,Norte de Santander,San Calixto,152
2018,April,Norte de Santander,San Calixto,98
2018,March,Antioquia,Tarazá,110
2018,March,Antioquia,Tarazá,169
2018,April,Antioquia,Tarazá,221
2018,March,Nariño,Mosquera,33
2018,March,Nariño,Mosquera,15
2018,March,Nariño,Mosquera,34
2018,March,Nariño,Mosquera,13
2018,April,Antioquia,Zaragoza,83
2018,April,Norte de Santander,San Calixto,30
2018,April,Norte de Santander,San Calixto,9
2018,April,Norte de Santander,San Calixto,26
2018,April,Norte de Santander,San Calixto,7
2018,April,Norte de Santander,Hacarí,210
2018,April,Norte de Santander,Hacarí,86
2018,April,Norte de Santander,Hacarí,229
2018,April,Norte de Santander,Hacarí,85
2018,April,Norte de Santander,Hacarí,92
2018,April,Norte de Santander,Hacarí,44
2018,April,Norte de Santander,Hacarí,107
2018,April,Norte de Santander,Hacarí,49
2018,April,Norte de Santander,San Calixto,34
2018,April,Norte de Santander,San Calixto,14
2018,April,Norte de Santander,San Calixto,47
2018,April,Norte de Santander,San Calixto,19
2018,April,Norte de Santander,San Calixto,20
2018,April,Norte de Santander,San Calixto,6
2018,April,Norte de Santander,San Calixto,18
2018,April,Norte de Santander,San Calixto,12
2018,April,Norte de Santander,San Calixto,26
2018,April,Norte de Santander,San Calixto,10
2018,April,Norte de Santander,San Calixto,34
2018,April,Norte de Santander,San Calixto,10
2018,April,Norte de Santander,San Calixto,44
2018,April,Norte de Santander,San Calixto,18
2018,April,Norte de Santander,San Calixto,60
2018,April,Norte de Santander,San Calixto,17
2018,April,Norte de Santander,San Calixto,45
2018,April,Norte de Santander,San Calixto,24
2018,April,Norte de Santander,San Calixto,60
2018,April,Norte de Santander,San Calixto,24
2018,April,Norte de Santander,San Calixto,116
2018,April,Norte de Santander,San Calixto,38
2018,April,Norte de Santander,San Calixto,135
2018,April,Norte de Santander,San Calixto,50
2018,April,Norte de Santander,San Calixto,48
2018,April,Norte de Santander,San Calixto,27
2018,April,Norte de Santander,San Calixto,53
2018,April,Norte de Santander,San Calixto,22
2018,April,Norte de Santander,San Calixto,16
2018,April,Norte de Santander,San Calixto,10
2018,April,Norte de Santander,San Calixto,22
2018,April,Norte de Santander,San Calixto,8
2018,April,Norte de Santander,San Calixto,90
2018,April,Norte de Santander,San Calixto,34
2018,April,Norte de Santander,San Calixto,93
2018,April,Norte de Santander,San Calixto,37
2018,April,Norte de Santander,San Calixto,70
2018,April,Norte de Santander,San Calixto,29
2018,April,Norte de Santander,San Calixto,68
2018,April,Norte de Santander,San Calixto,35
2018,April,Norte de Santander,San Calixto,57
2018,April,Norte de Santander,San Calixto,21
2018,April,Norte de Santander,San Calixto,61
2018,April,Norte de Santander,San Calixto,23
2018,April,Norte de Santander,San Calixto,184
2018,April,Norte de Santander,San Calixto,57
2018,April,Norte de Santander,San Calixto,235
2018,April,Norte de Santander,San Calixto,69
2018,April,Norte de Santander,San Calixto,35
2018,April,Norte de Santander,San Calixto,11
2018,April,Norte de Santander,San Calixto,55
2018,April,Norte de Santander,San Calixto,13
2018,April,Norte de Santander,San Calixto,53
2018,April,Norte de Santander,San Calixto,19
2018,April,Norte de Santander,San Calixto,68
2018,April,Norte de Santander,San Calixto,25
2018,April,Norte de Santander,San Calixto,235
2018,April,Norte de Santander,San Calixto,98
2018,April,Norte de Santander,San Calixto,265
2018,April,Norte de Santander,San Calixto,105
2018,April,Norte de Santander,San Calixto,26
2018,April,Norte de Santander,San Calixto,6
2018,April,Norte de Santander,San Calixto,34
2018,April,Norte de Santander,San Calixto,6
2018,April,Norte de Santander,San Calixto,125
2018,April,Norte de Santander,San Calixto,35
2018,April,Norte de Santander,San Calixto,115
2018,April,Norte de Santander,San Calixto,25
2018,April,Norte de Santander,San Calixto,48
2018,April,Norte de Santander,San Calixto,29
2018,April,Norte de Santander,San Calixto,70
2018,April,Norte de Santander,San Calixto,20
2018,April,Norte de Santander,San Calixto,32
2018,April,Norte de Santander,San Calixto,8
2018,April,Norte de Santander,San Calixto,36
2018,April,Norte de Santander,San Calixto,9
2018,April,Norte de Santander,Tibú,35
2018,April,Norte de Santander,Tibú,22
2018,April,Norte de Santander,Tibú,34
2018,April,Norte de Santander,Tibú,14
2018,April,Norte de Santander,Teorama,32
2018,April,Norte de Santander,Teorama,18
2018,April,Norte de Santander,Teorama,30
2018,April,Norte de Santander,Teorama,11
2018,April,Norte de Santander,Teorama,26
2018,April,Norte de Santander,Teorama,17
2018,April,Norte de Santander,Teorama,19
2018,April,Norte de Santander,Teorama,9
2018,April,Norte de Santander,La Playa,161
2018,April,Norte de Santander,La Playa,102
2018,April,Norte de Santander,La Playa,208
2018,April,Norte de Santander,La Playa,97
2018,April,Norte de Santander,La Playa,365
2018,April,Norte de Santander,La Playa,188
2018,April,Norte de Santander,La Playa,296
2018,April,Norte de Santander,La Playa,176
2018,April,Norte de Santander,Ábrego,24
2018,April,Norte de Santander,Ábrego,18
2018,April,Norte de Santander,Ábrego,21
2018,April,Norte de Santander,Ábrego,15
2018,April,Norte de Santander,Ábrego,159
2018,April,Norte de Santander,Ábrego,137
2018,April,Norte de Santander,Ábrego,214
2018,April,Norte de Santander,Ábrego,140
2018,April,Norte de Santander,Ábrego,138
2018,April,Norte de Santander,Ábrego,51
2018,April,Norte de Santander,Ábrego,126
2018,April,Norte de Santander,Ábrego,55
2018,April,Norte de Santander,Ábrego,164
2018,April,Norte de Santander,Ábrego,99
2018,April,Norte de Santander,Ábrego,153
2018,April,Norte de Santander,Ábrego,101
2018,April,Norte de Santander,El Tarra,64
2018,April,Norte de Santander,El Tarra,42
2018,April,Norte de Santander,El Tarra,58
2018,April,Norte de Santander,El Tarra,38
2018,April,Norte de Santander,Ocaña,40
2018,April,Norte de Santander,Ocaña,17
2018,April,Norte de Santander,Ocaña,46
2018,April,Norte de Santander,Ocaña,16
2018,May,Nariño,Tumaco,2
2018,May,Nariño,Tumaco,13
2018,May,Nariño,Tumaco,14
2018,May,Nariño,Tumaco,11
2018,May,Nariño,Tumaco,10
2018,May,Nariño,Roberto Payán (San José),47
2018,May,Nariño,Roberto Payán (San José),50
2018,May,Nariño,Roberto Payán (San José),37
2018,May,Nariño,Roberto Payán (San José),47
2018,May,Nariño,Magüi (Payán),112
2018,May,Nariño,Magüi (Payán),21
2018,May,Nariño,Magüi (Payán),20
2018,May,Norte de Santander,Tibú,138
2018,May,Norte de Santander,Tibú,38
2018,May,Norte de Santander,Tibú,135
2018,May,Norte de Santander,Tibú,33
2018,May,Nariño,Mosquera,96
2018,May,Chocó,Bajo Baudó (Pizarro),690
2018,May,Cauca,López (Micay),155
2018,May,Norte de Santander,Cúcuta,106
2018,May,Meta,Uribe,62
2018,May,Norte de Santander,Tibú,19
2018,May,Norte de Santander,Tibú,13
2018,May,Norte de Santander,Tibú,16
2018,May,Norte de Santander,Tibú,12
2018,May,Valle del Cauca,Buenaventura,356
2018,June,Antioquia,Tarazá,444
2018,May,Nariño,Olaya Herrera,132
2018,June,Norte de Santander,Hacarí,72
2018,June,Norte de Santander,Hacarí,43
2018,June,Norte de Santander,Hacarí,68
2018,June,Norte de Santander,Hacarí,36
2018,June,Chocó,Nuquí,64
2018,July,Nariño,Roberto Payán (San José),18
2018,July,Nariño,Roberto Payán (San José),63
2018,July,Nariño,Roberto Payán (San José),65
2018,July,Nariño,Roberto Payán (San José),58
2018,July,Nariño,Roberto Payán (San José),67
2018,July,Nariño,Roberto Payán (San José),2
2018,July,Nariño,Roberto Payán (San José),65
2018,July,Nariño,Roberto Payán (San José),47
2018,July,Nariño,Roberto Payán (San José),63
2018,July,Nariño,Roberto Payán (San José),67
2018,June,Nariño,Magüi (Payán),13
2018,June,Nariño,Magüi (Payán),6
2018,June,Nariño,Magüi (Payán),10
2018,June,Nariño,Magüi (Payán),14
2018,July,Norte de Santander,Teorama,51
2018,July,Norte de Santander,Teorama,34
2018,July,Norte de Santander,Teorama,46
2018,July,Norte de Santander,Teorama,42
2018,April,Norte de Santander,El Tarra,61
2018,April,Norte de Santander,El Tarra,42
2018,April,Norte de Santander,El Tarra,56
2018,April,Norte de Santander,El Tarra,36
2018,July,Nariño,Roberto Payán (San José),89
2018,July,Nariño,Roberto Payán (San José),80
2018,July,Nariño,Roberto Payán (San José),61
2018,July,Nariño,Roberto Payán (San José),83
2018,July,Nariño,Roberto Payán (San José),101
2018,July,Nariño,Roberto Payán (San José),94
2018,July,Nariño,Roberto Payán (San José),84
2018,July,Nariño,Roberto Payán (San José),90
2018,April,Meta,Acacías,102
2018,May,Norte de Santander,El Carmen,80
2018,July,Nariño,Magüi (Payán),30
2018,July,Nariño,Magüi (Payán),6
2018,July,Nariño,Tumaco,1515
2018,July,Nariño,Tumaco,825
2018,July,Nariño,Tumaco,965
2018,July,Nariño,Tumaco,828
2018,July,Nariño,Olaya Herrera,6
2018,July,Nariño,Olaya Herrera,1
2018,July,Nariño,Olaya Herrera,131
2018,July,Nariño,Olaya Herrera,28
2018,July,Nariño,Olaya Herrera,107
2018,July,Nariño,Olaya Herrera,31
2018,July,Nariño,Olaya Herrera,5
2018,July,Nariño,Olaya Herrera,2
2018,July,Nariño,Olaya Herrera,96
2018,July,Nariño,Olaya Herrera,36
2018,July,Nariño,Olaya Herrera,108
2018,July,Nariño,Olaya Herrera,47
2018,July,Chocó,Juradó,65
2018,August,Chocó,Juradó,160
2018,August,Nariño,Roberto Payán (San José),13
2018,August,Nariño,Roberto Payán (San José),6
2018,August,Nariño,Roberto Payán (San José),12
2018,August,Nariño,Roberto Payán (San José),10
2018,August,Nariño,Barbacoas,177
2018,August,Antioquia,Caucasia,73
2018,August,Nariño,El Charco,167
2018,August,Nariño,El Charco,162
2018,August,Nariño,El Charco,128
2018,May,Valle del Cauca,Buenaventura,108
2018,September,Antioquia,Tarazá,739
2018,September,Chocó,Ríosucio,735
2018,September,Antioquia,Murindó,800
2018,September,Nariño,El Charco,13
2018,September,Nariño,El Charco,6
2018,September,Nariño,El Charco,6
2018,September,Nariño,El Charco,6
2018,September,Nariño,El Charco,5
2018,September,Antioquia,Ituango,362
2018,October,Norte de Santander,San Calixto,297
2018,October,Norte de Santander,San Calixto,56
2018,October,Tolima,Roncesvalles,0
2018,October,Norte de Santander,San Calixto,0
2018,November,Nariño,Olaya Herrera,5
2018,November,Nariño,Olaya Herrera,5
2018,November,Nariño,Olaya Herrera,71
2018,November,Nariño,Olaya Herrera,107
2018,November,Nariño,Olaya Herrera,56
2018,November,Norte de Santander,Hacarí,6
2018,November,Norte de Santander,Hacarí,280
2018,November,Norte de Santander,Hacarí,7
2018,November,Norte de Santander,Hacarí,225
2018,November,Norte de Santander,Hacarí,6
2018,November,Norte de Santander,Hacarí,315
2018,November,Norte de Santander,Hacarí,4
2018,November,Norte de Santander,Hacarí,240
2018,November,Norte de Santander,Hacarí,0
2018,November,Valle del Cauca,Buenaventura,700
2018,October,Nariño,Olaya Herrera,43
2018,November,Norte de Santander,Hacarí,4
2018,November,Norte de Santander,Hacarí,64
2018,November,Norte de Santander,Hacarí,38
2018,November,Norte de Santander,Hacarí,70
2018,November,Norte de Santander,Hacarí,52
2018,October,Nariño,Tumaco,49
2018,October,Nariño,Tumaco,9
2018,November,Cauca,Morales,44
2018,November,Cauca,Morales,63
2018,November,Cauca,Suárez,102
2018,November,Cauca,Suárez,33
2018,November,Cauca,Suárez,129
2018,November,Cauca,Suárez,60
2018,December,Chocó,Bajo Baudó (Pizarro),237
2018,December,Chocó,Bajo Baudó (Pizarro),81
2018,December,Nariño,Tumaco,24
2018,December,Nariño,Tumaco,12
2018,December,Nariño,Tumaco,16
2018,December,Nariño,Tumaco,10
2018,December,Cauca,Suárez,126
2019,January,Antioquia,Tarazá,90
2019,January,Norte de Santander,San Calixto,41
2019,January,Norte de Santander,San Calixto,28
2019,January,Norte de Santander,San Calixto,74
2019,January,Norte de Santander,San Calixto,40
2019,January,Nariño,Tumaco,220
2019,January,Nariño,Tumaco,1
2019,January,Nariño,Tumaco,252
2019,January,Nariño,Tumaco,112
2019,January,Nariño,Tumaco,217
2019,January,Nariño,Tumaco,100
2019,January,Cauca,Corinto,78
2019,January,Cauca,Corinto,35
2019,January,Cauca,Corinto,84
2019,January,Cauca,Corinto,43
2019,January,Norte de Santander,El Tarra,1
2019,January,Norte de Santander,El Tarra,31
2019,January,Norte de Santander,El Tarra,38
2019,January,Norte de Santander,El Tarra,39
2019,January,Norte de Santander,El Tarra,32
2019,February,Nariño,Barbacoas,44
2019,February,Nariño,Barbacoas,50
2019,February,Nariño,Barbacoas,42
2019,February,Norte de Santander,Teorama,76
2019,February,Norte de Santander,Teorama,55
2019,February,Norte de Santander,Teorama,82
2019,February,Norte de Santander,Teorama,62
2019,February,Nariño,Tumaco,130
2019,February,Nariño,Tumaco,105
2019,February,Nariño,Tumaco,84
2019,February,Nariño,Tumaco,44
2019,February,Nariño,Tumaco,24
2019,February,Nariño,Tumaco,31
2019,February,Nariño,Tumaco,15
2019,March,Magdalena,Santa Marta,47
2019,March,Chocó,Bojayá (Bellavista),44
2019,March,Córdoba,Puerto Libertador,60
2019,March,Córdoba,Puerto Libertador,94
2019,March,Córdoba,Puerto Libertador,60
2019,March,Córdoba,Puerto Libertador,94
2019,March,Córdoba,Puerto Libertador,60
2019,March,Antioquia,Ituango,17
2019,March,Antioquia,Ituango,12
2019,March,Antioquia,Ituango,18
2019,March,Antioquia,Ituango,13
2019,March,Córdoba,Puerto Libertador,538
2019,March,Córdoba,Puerto Libertador,300
2019,March,Córdoba,Puerto Libertador,600
2019,March,Córdoba,Puerto Libertador,300
2019,April,Nariño,Tumaco,69
2019,April,Nariño,Tumaco,30
2019,April,Nariño,Tumaco,42
2019,April,Nariño,Tumaco,49
2019,April,Nariño,Tumaco,141
2019,April,Nariño,Tumaco,411
2019,April,Córdoba,Tierralta,582
2019,April,Antioquia,Tarazá,82
2019,April,Antioquia,Caucasia,44
2019,March,Nariño,Tumaco,69
2019,March,Nariño,Tumaco,41
2019,March,Nariño,Tumaco,1
2019,March,Nariño,Tumaco,45
2019,March,Nariño,Tumaco,36
2019,March,Valle del Cauca,Florida,47
2019,April,Antioquia,Valdivia,38
2019,April,Chocó,Juradó,349
2019,April,Chocó,Juradó,492
2019,January,Norte de Santander,Sardinata,49
2019,January,Norte de Santander,Sardinata,33
2019,January,Norte de Santander,Sardinata,64
2019,January,Norte de Santander,Sardinata,30
2019,April,Norte de Santander,Sardinata,42
2019,April,Norte de Santander,Sardinata,65
2019,May,Nariño,Mosquera,270
2019,May,Antioquia,Tarazá,146
2019,May,Córdoba,San José de Uré,589
2019,April,Antioquia,Ituango,70
2019,May,Córdoba,Montelíbano,86
2019,June,Chocó,El Litoral de San Juan,207
2019,June,Chocó,El Litoral de San Juan,210
2019,June,Norte de Santander,La Playa,102
2019,June,Norte de Santander,La Playa,21
2019,June,Norte de Santander,La Playa,25
2019,June,Norte de Santander,Hacarí,67
2019,June,Norte de Santander,Hacarí,45
2019,June,Norte de Santander,Hacarí,83
2019,June,Norte de Santander,Hacarí,46
2019,June,Nariño,Tumaco,1355
2019,July,Norte de Santander,Hacarí,55
2019,May,Nariño,Magüi (Payán),78
2019,June,Norte de Santander,La Playa,3
2019,June,Norte de Santander,La Playa,251
2019,June,Norte de Santander,La Playa,137
2019,June,Norte de Santander,La Playa,268
2019,June,Norte de Santander,La Playa,174
2019,July,Valle del Cauca,Buenaventura,2622
2019,July,Nariño,Olaya Herrera,713
2019,July,Nariño,Olaya Herrera,645
2019,July,Antioquia,Ituango,104
2019,July,Chocó,Nuquí,84
2019,August,Nariño,El Charco,60
2019,August,Cauca,Corinto,440
2019,August,Chocó,Medio San Juan (ANDAGOYA),307
2019,August,Antioquia,Zaragoza,44
2019,September,Antioquia,Murindó,60
2019,August,Antioquia,Amalfi,73
2019,October,Nariño,La Tola,83
2019,October,Nariño,Tumaco,810
2019,October,Nariño,Tumaco,43
2019,October,Nariño,Tumaco,44
2019,October,Nariño,Tumaco,35
2019,October,Nariño,Tumaco,35
2019,September,Chocó,Alto Baudó (Pie de Pato),119
2019,September,Chocó,Alto Baudó (Pie de Pato),91
2019,October,Nariño,La Tola,121
2019,October,Nariño,El Charco,361
2019,September,Caquetá,Solano,92
2019,October,Nariño,El Rosario,50
2019,October,Chocó,Lloró,200
2019,October,Norte de Santander,Ábrego,443
2019,October,Norte de Santander,Ábrego,335
2019,October,Norte de Santander,Ábrego,34
2019,October,Norte de Santander,Ábrego,18
2019,October,Norte de Santander,Ábrego,21
2019,October,Norte de Santander,Ábrego,14
2019,September,Chocó,Ríosucio,401
2019,November,Nariño,Policarpa,60
2019,October,Nariño,Tumaco,68
2019,November,Nariño,Mosquera,100
2019,November,Norte de Santander,La Playa,42
2019,November,Norte de Santander,La Playa,38
2019,November,Norte de Santander,La Playa,0
2019,November,Norte de Santander,La Playa,0
2019,September,Antioquia,Caucasia,0
2019,October,Antioquia,Tarazá,2
2019,November,Córdoba,San José de Uré,119
2019,November,Córdoba,San José de Uré,106
2019,November,Chocó,Alto Baudó (Pie de Pato),1120
2019,November,Antioquia,Ituango,300
2019,November,Nariño,La Tola,0
2019,November,Córdoba,Tierralta,508
2019,December,Nariño,La Tola,263
2019,November,Nariño,Magüi (Payán),431
2019,November,Nariño,Roberto Payán (San José),0
2019,December,Nariño,Roberto Payán (San José),499
2019,December,Antioquia,Tarazá,134
2020,January,Antioquia,Tarazá,116
2020,January,Antioquia,Cáceres,80
2020,January,Chocó,Nuquí,134
2020,February,Norte de Santander,Ábrego,39
2020,February,Norte de Santander,Ábrego,39
2020,February,Norte de Santander,Ábrego,51
2020,February,Norte de Santander,Ábrego,37
2020,February,Norte de Santander,Ábrego,0
2019,December,Nariño,Roberto Payán (San José),540
2019,December,Nariño,Roberto Payán (San José),453
2019,November,Chocó,Bojayá (Bellavista),133
2019,November,Chocó,Ríosucio,336
2019,September,Chocó,Bagadó,292
2019,November,Cauca,Morales,115
2020,February,Caquetá,Belén de los Andaquíes,0
2019,December,Nariño,Olaya Herrera,107
2019,December,Nariño,Olaya Herrera,1087
2019,December,Nariño,Roberto Payán (San José),106
2020,January,Nariño,Tumaco,1170
2020,January,Nariño,Tumaco,547
2020,January,Nariño,Tumaco,838
2020,January,Nariño,Tumaco,485
2020,January,Nariño,Olaya Herrera,33
2020,January,Nariño,Olaya Herrera,180
2020,January,Nariño,Olaya Herrera,115
2020,January,Nariño,Olaya Herrera,165
2020,January,Nariño,Olaya Herrera,141
2020,February,Antioquia,Ituango,298
2020,February,Antioquia,Ituango,375
2020,February,Antioquia,Ituango,169
2020,January,Nariño,Roberto Payán (San José),103
2020,January,Nariño,Roberto Payán (San José),39
2020,January,Nariño,Roberto Payán (San José),80
2020,January,Nariño,Roberto Payán (San José),37
2020,February,Norte de Santander,Puerto Santander,322
2020,February,Norte de Santander,Puerto Santander,63
2020,January,Nariño,Magüi (Payán),46
2020,January,Nariño,Magüi (Payán),25
2020,January,Nariño,Magüi (Payán),35
2020,January,Nariño,Magüi (Payán),35
2020,January,Nariño,Olaya Herrera,47
2020,January,Nariño,Olaya Herrera,44
2020,January,Nariño,Olaya Herrera,102
2020,January,Nariño,Olaya Herrera,18
2020,January,Nariño,Olaya Herrera,20
2020,January,Nariño,Olaya Herrera,17
2020,January,Nariño,Olaya Herrera,20
2020,January,Nariño,Roberto Payán (San José),93
2020,January,Nariño,Roberto Payán (San José),85
2020,January,Nariño,Roberto Payán (San José),159
2020,January,Nariño,Roberto Payán (San José),206
2020,March,Nariño,Roberto Payán (San José),34
2020,March,Nariño,Roberto Payán (San José),31
2020,March,Nariño,Roberto Payán (San José),24
2020,March,Nariño,Roberto Payán (San José),31
2020,March,Nariño,Roberto Payán (San José),68
2020,March,Nariño,Roberto Payán (San José),46
2020,March,Nariño,Roberto Payán (San José),59
2020,March,Nariño,Roberto Payán (San José),60
2020,March,Cauca,Argelia,593
2020,March,Chocó,Alto Baudó (Pie de Pato),1287
2020,March,Norte de Santander,Sardinata,18
2020,March,Norte de Santander,Sardinata,17
2020,March,Norte de Santander,Sardinata,25
2020,March,Norte de Santander,Sardinata,11
2020,March,Nariño,Roberto Payán (San José),35
2020,March,Nariño,Roberto Payán (San José),20
2020,March,Nariño,Roberto Payán (San José),34
2020,March,Nariño,Roberto Payán (San José),32
2020,March,Nariño,Roberto Payán (San José),218
2020,March,Nariño,Roberto Payán (San José),230
2020,March,Nariño,Francisco Pizarro,15
2020,March,Nariño,Francisco Pizarro,16
2020,March,Nariño,Francisco Pizarro,12
2020,March,Nariño,Francisco Pizarro,11
2020,April,Chocó,Bojayá (Bellavista),193
2020,April,Nariño,Santa Bárbara (Iscuandé),44
2020,April,Nariño,Santa Bárbara (Iscuandé),26
2020,April,Nariño,Santa Bárbara (Iscuandé),40
2020,April,Nariño,Santa Bárbara (Iscuandé),20
2020,April,Cauca,El Tambo,21
2020,April,Chocó,Bojayá (Bellavista),200
2020,April,Norte de Santander,Puerto Santander,112
2020,April,Cauca,El Tambo,20
2020,April,Nariño,Magüi (Payán),20
2020,April,Nariño,Magüi (Payán),12
2020,April,Nariño,Magüi (Payán),10
2020,April,Nariño,Magüi (Payán),11
2020,April,Nariño,Roberto Payán (San José),76
2020,April,Nariño,Roberto Payán (San José),53
2020,April,Nariño,Roberto Payán (San José),75
2020,April,Nariño,Roberto Payán (San José),52
2020,April,Nariño,Mosquera,45
2020,April,Nariño,Mosquera,36
2020,April,Nariño,Mosquera,45
2020,April,Nariño,Mosquera,34
2020,April,Antioquia,Urrao,457
2020,May,Cauca,Guapí,228
2020,May,Norte de Santander,Sardinata,36
2020,May,Antioquia,Ituango,65
2020,May,Antioquia,Ituango,66
2020,May,Chocó,Alto Baudó (Pie de Pato),314
2020,May,Chocó,Alto Baudó (Pie de Pato),1040
2020,April,Norte de Santander,Sardinata,28
2020,April,Norte de Santander,Sardinata,14
2020,April,Norte de Santander,Sardinata,23
2020,April,Norte de Santander,Sardinata,29
2020,April,Norte de Santander,Sardinata,29
2020,April,Norte de Santander,Sardinata,36
2020,February,Chocó,Tadó,208
2020,May,Chocó,Bojayá (Bellavista),210
2020,May,Nariño,Roberto Payán (San José),475
2020,May,Chocó,Medio Baudó,412
2020,June,Antioquia,Tarazá,91
2020,June,Cauca,Toribío,12
2020,June,Cauca,Toribío,5
2020,June,Cauca,Timbiquí,38
2020,June,Nariño,Tumaco,123
2020,June,Nariño,Tumaco,83
2020,June,Nariño,Tumaco,94
2020,June,Nariño,Tumaco,86
2020,May,Cauca,Guapí,50
2020,July,Norte de Santander,Cúcuta,35
2020,July,Norte de Santander,Cúcuta,11
2020,July,Norte de Santander,Cúcuta,23
2020,July,Norte de Santander,Cúcuta,5
2020,July,Norte de Santander,Cúcuta,35
2020,July,Norte de Santander,Cúcuta,17
2020,July,Norte de Santander,Cúcuta,27
2020,July,Norte de Santander,Cúcuta,2
2020,February,Antioquia,Ituango,863
2020,June,Antioquia,Ituango,14
2020,June,Antioquia,Ituango,46
2020,June,Antioquia,Ituango,48
2020,July,Huila,Algeciras,0
2020,July,Norte de Santander,Tibú,18
2020,July,Norte de Santander,Tibú,97
2020,July,Norte de Santander,Tibú,13
2020,July,Norte de Santander,Tibú,53
2020,July,Norte de Santander,Tibú,41
2020,July,Norte de Santander,Tibú,141
2020,July,Norte de Santander,Tibú,62
2020,July,Norte de Santander,Cúcuta,23
2020,July,Norte de Santander,Cúcuta,5
2020,July,Norte de Santander,Cúcuta,167
2020,July,Norte de Santander,Cúcuta,23
2020,July,Norte de Santander,Cúcuta,8
2020,July,Norte de Santander,Cúcuta,109
2020,July,Norte de Santander,Cúcuta,26
2020,July,Norte de Santander,Cúcuta,22
2020,July,Norte de Santander,Cúcuta,214
2020,July,Norte de Santander,Cúcuta,17
2020,July,Norte de Santander,Cúcuta,1
2020,July,Norte de Santander,Cúcuta,124
2020,July,Nariño,Roberto Payán (San José),355
2020,April,Nariño,Santa Bárbara (Iscuandé),109
2020,July,Nariño,El Charco,269
2020,July,Córdoba,San José de Uré,160
2020,July,Córdoba,San José de Uré,159
2020,July,Chocó,Bajo Baudó (Pizarro),48
2020,June,Antioquia,Tarazá,54
2020,June,Antioquia,Tarazá,23
2020,July,Huila,Algeciras,64
2020,February,Córdoba,San José de Uré,31
2020,July,Nariño,Barbacoas,107
2020,August,Antioquia,Bello,140
2020,August,Bolivar,El Carmen de Bolívar,137
2020,August,Antioquia,Tarazá,60
2020,August,Nariño,Barbacoas,150
2020,August,Nariño,Roberto Payán (San José),217
2020,September,Antioquia,Tarazá,190
2020,September,Antioquia,Tarazá,27
2020,August,Antioquia,Medellín,52
2020,August,Nariño,Policarpa,220
2020,September,Chocó,Alto Baudó (Pie de Pato),191
2020,August,Nariño,Olaya Herrera,108
2020,September,Antioquia,Cáceres,701
2020,September,Antioquia,Tarazá,108
2020,August,Nariño,Olaya Herrera,61
2020,September,Chocó,Medio Baudó,61
2020,September,Nariño,Barbacoas,71
2020,September,Chocó,Alto Baudó (Pie de Pato),196
2020,September,Antioquia,Caucasia,198
2020,October,Córdoba,San José de Uré,159
2020,October,Córdoba,San José de Uré,144
2020,October,Nariño,Tumaco,31
2020,October,Nariño,Tumaco,75
2020,October,Nariño,Tumaco,43
2020,October,Chocó,Bajo Baudó (Pizarro),271
2020,October,Chocó,Alto Baudó (Pie de Pato),21
2020,November,Chocó,El Litoral de San Juan,276
2020,November,Nariño,Olaya Herrera,186
2020,November,Nariño,Olaya Herrera,108
2020,November,Nariño,Olaya Herrera,141
2020,November,Nariño,Olaya Herrera,108
2020,November,Nariño,Tumaco,300
2020,November,Antioquia,Caucasia,228
2020,November,Chocó,Bajo Baudó (Pizarro),417
2020,November,Cauca,Argelia,160
2020,November,Cauca,Argelia,271
2020,November,Cauca,Argelia,256
2020,November,Nariño,Barbacoas,88
2020,December,Chocó,Bahía Solano (Mútis),898
2020,December,Nariño,Santa Bárbara (Iscuandé),80
2020,December,Antioquia,Caucasia,91
2020,December,Cauca,Argelia,118
2020,December,Chocó,Alto Baudó (Pie de Pato),263
2020,December,Nariño,Roberto Payán (San José),199
2020,November,Valle del Cauca,Buenaventura,45
2020,November,Antioquia,Tarazá,33
2020,November,Nariño,Tumaco,13
2020,November,Nariño,Tumaco,11
2020,November,Nariño,Tumaco,10
2020,November,Nariño,Tumaco,5
2020,December,Cauca,El Tambo,40
2020,December,Cauca,El Tambo,14
2020,December,Cauca,El Tambo,36
2020,December,Cauca,El Tambo,13
2020,December,Nariño,Barbacoas,70
2020,July,Valle del Cauca,Buenaventura,160
2021,2,Norte de Santander,Hacarí,41
2021,2,Norte de Santander,Hacarí,52
2021,2,Antioquia,Cáceres,511
2021,2,Antioquia,Ituango,71
2021,2,Antioquia,Ituango,2
2021,2,Antioquia,Ituango,10
2021,2,Antioquia,Ituango,21
2021,2,Antioquia,Ituango,15
2021,3,Chocó,Bagadó,303
2021,2,Antioquia,Amalfi,53
2021,3,Antioquia,Peque,108
2021,2,Antioquia,Murindó,49
2021,2,Antioquia,Ituango,119
2021,1,Norte de Santander,Tibú,5
2021,1,Norte de Santander,Tibú,5
2021,1,Norte de Santander,Tibú,23
2021,1,Norte de Santander,Tibú,34
2021,1,Norte de Santander,Tibú,61
2021,1,Norte de Santander,Tibú,45
2021,1,Norte de Santander,Tibú,32
2021,1,Nariño,Barbacoas,51
2021,1,Nariño,Barbacoas,79
2021,1,Nariño,Barbacoas,61
2021,1,Nariño,Barbacoas,52
2021,1,Nariño,Santa Bárbara (Iscuandé),15
2021,1,Nariño,Santa Bárbara (Iscuandé),7
2021,1,Nariño,Santa Bárbara (Iscuandé),18
2021,1,Nariño,Santa Bárbara (Iscuandé),14
2021,2,Nariño,Mosquera,47
2021,2,Nariño,Mosquera,46
2021,2,Nariño,Mosquera,62
2021,2,Nariño,Mosquera,56
2021,2,Antioquia,Murindó,179
2021,3,Antioquia,Dabeiba,87
2021,3,Bolivar,Río Viejo,242
2021,3,Antioquia,Cáceres,23
2021,3,Antioquia,Cáceres,29
2021,3,Antioquia,Cáceres,25
2021,4,Cauca,Caloto,113
2021,4,Cauca,Caloto,40
2021,4,Cauca,Caloto,80
2021,4,Chocó,Bagadó,75
2021,1,Nariño,Magüi (Payán),54
2021,1,Nariño,Magüi (Payán),54
2021,1,Nariño,Magüi (Payán),74
2021,1,Nariño,Magüi (Payán),40
2021,3,Chocó,El Carmen de Atrato,49
2021,3,Cauca,Argelia,32
2021,3,Cauca,Argelia,413
2021,3,Cauca,Argelia,935
2021,3,Cauca,Argelia,805
2021,3,Cauca,Caloto,367
2021,3,Cauca,Caloto,60
2021,3,Cauca,Caloto,20
2021,3,Cauca,Caloto,127
2021,4,Chocó,Medio Atrato,45
2021,5,Norte de Santander,Cúcuta,7
2021,5,Norte de Santander,Cúcuta,11
2021,5,Norte de Santander,Cúcuta,18
2021,5,Norte de Santander,Cúcuta,26
2021,5,Norte de Santander,Teorama,39
2021,5,Antioquia,Cáceres,13
2021,5,Antioquia,Cáceres,11
2021,5,Antioquia,Cáceres,41
2021,5,Antioquia,Cáceres,40
2021,5,Antioquia,Cáceres,24
2021,5,Antioquia,Cáceres,12
2021,5,Antioquia,Cáceres,19
2021,5,Antioquia,Cáceres,13
2021,2,Chocó,Bojayá (Bellavista),75
2021,4,Nariño,Barbacoas,257
2021,2,Antioquia,Ituango,510
2021,2,Antioquia,Peque,337
2021,3,Córdoba,Tierralta,13
2021,3,Córdoba,Tierralta,6
2021,5,Risaralda,Pueblo Rico,400
2021,6,Antioquia,Frontino,168
2021,5,Nariño,Magüi (Payán),609
2021,6,Nariño,Roberto Payán (San José),600
2021,4,Antioquia,Cáceres,60
2021,4,Antioquia,Cáceres,56
2021,4,Antioquia,Cáceres,53
2021,7,Antioquia,Ituango,4099
2021,8,Antioquia,Medellín,111
2021,8,Nariño,Roberto Payán (San José),100
2021,2,Cauca,Guapí,101
2021,5,Nariño,Roberto Payán (San José),345
2021,8,Nariño,Magüi (Payán),1151
2021,7,Cauca,Argelia,701
2021,6,Nariño,Roberto Payán (San José),659
2021,6,Nariño,Roberto Payán (San José),532
2021,4,Nariño,Leiva,112
2021,11,Putumayo,Orito,33
2021,11,Nariño,Ricaurte,1778
2021,11,Córdoba,San José de Uré,13
2021,11,Córdoba,San José de Uré,19
2021,11,Córdoba,San José de Uré,159
2021,11,Córdoba,San José de Uré,129
2021,11,Valle del Cauca,Buenaventura,627
2021,8,Chocó,El Carmen de Atrato,84
2021,11,Valle del Cauca,Buenaventura,146
2021,12,Nariño,Mosquera,647
2021,2,Valle del Cauca,Buenaventura,36
2021,8,Valle del Cauca,Buenaventura,59
2022,2,Arauca,Arauca,81
2022,2,Arauca,Arauca,329
2022,2,Arauca,Arauca,121
2021,5,Chocó,Bagadó,284
2021,3,Nariño,El Charco,849
2022,4,Nariño,Magüi (Payán),107
2022,4,Nariño,Magüi (Payán),106
2022,4,Nariño,Magüi (Payán),143
2022,4,Nariño,Magüi (Payán),139
2022,5,Nariño,Magüi (Payán),123
2022,5,Nariño,Magüi (Payán),111
2022,5,Nariño,Magüi (Payán),172
2022,5,Nariño,Magüi (Payán),193
2022,7,Nariño,Magüi (Payán),230
2022,6,Chocó,Bagadó,57
2022,6,Chocó,Bagadó,89
2022,6,Cauca,López (Micay),54
2022,6,Cauca,López (Micay),74
2022,6,Cauca,López (Micay),61
2022,6,Cauca,López (Micay),45
2022,1,Norte de Santander,Teorama,1
2022,1,Norte de Santander,Teorama,44
2022,1,Norte de Santander,Teorama,66
2022,1,Norte de Santander,Teorama,45
2022,1,Norte de Santander,Teorama,53
2022,9,Chocó,Medio San Juan (ANDAGOYA),345
2022,9,Nariño,Olaya Herrera,74
2022,9,Nariño,Olaya Herrera,89
2022,9,Nariño,Olaya Herrera,106
2022,9,Nariño,Olaya Herrera,115
2022,10,Nariño,Olaya Herrera,17
2022,10,Nariño,Olaya Herrera,27
2022,10,Nariño,Olaya Herrera,44
2022,10,Nariño,Olaya Herrera,37
2022,8,Nariño,Magüi (Payán),78
2022,5,Nariño,Tumaco,49
2022,5,Nariño,Tumaco,64
2022,5,Nariño,Tumaco,63
2022,5,Nariño,Tumaco,58
2022,5,Nariño,Roberto Payán (San José),32
2022,5,Nariño,Roberto Payán (San José),36
2022,5,Nariño,Roberto Payán (San José),44
2022,5,Nariño,Roberto Payán (San José),32
2022,10,Nariño,Olaya Herrera,50
2022,11,Nariño,Tumaco,133
2022,12,Chocó,Medio San Juan (ANDAGOYA),236
2022,8,Nariño,Magüi (Payán),8
2022,8,Nariño,Magüi (Payán),6
2022,8,Nariño,Magüi (Payán),38
2022,8,Nariño,Magüi (Payán),32
2022,8,Nariño,Magüi (Payán),23
2022,8,Nariño,Magüi (Payán),22
2022,8,Nariño,Magüi (Payán),33
2022,8,Nariño,Magüi (Payán),22
2022,12,Chocó,Istmina,108
2022,12,Chocó,Istmina,63
2022,11,Valle del Cauca,Buenaventura,949
2022,10,Cauca,Guapí,60
2022,11,Chocó,Quibdó,7
2022,11,Chocó,Quibdó,16
2022,11,Chocó,Quibdó,38
2022,11,Chocó,Medio San Juan (ANDAGOYA),52
2022,11,Chocó,Medio San Juan (ANDAGOYA),73
2021,6,Cauca,Argelia,43
2021,6,Cauca,Argelia,36
2021,6,Cauca,Argelia,42
2021,4,Córdoba,Tierralta,2
2021,4,Córdoba,Tierralta,354
2021,4,Córdoba,Tierralta,342
2021,4,Córdoba,Tierralta,399
2021,4,Córdoba,Tierralta,410
2021,3,Chocó,Bajo Baudó (Pizarro),118
2021,1,Cauca,Argelia,11
2021,3,Nariño,La Tola,266
2021,3,Nariño,La Tola,306
2021,3,Nariño,La Tola,440
2021,3,Nariño,La Tola,247
2021,4,Nariño,Magüi (Payán),211
2021,3,Cauca,Timbiquí,42
2021,3,Cauca,Timbiquí,55
2021,3,Cauca,Timbiquí,44
2021,3,Cauca,Timbiquí,66
2021,7,Valle del Cauca,Buenaventura,22
2021,7,Valle del Cauca,Buenaventura,17
2021,7,Valle del Cauca,Buenaventura,17
2021,7,Valle del Cauca,Buenaventura,20
2021,5,Nariño,Tumaco,241
2021,5,Nariño,Tumaco,188
2021,9,Chocó,Istmina,1237
2022,2,Antioquia,Titiribí,60
2022,1,Valle del Cauca,Buenaventura,2
2022,1,Valle del Cauca,Buenaventura,31
2022,2,Valle del Cauca,Buenaventura,84
2022,4,Antioquia,Andes,84
2022,5,Valle del Cauca,Buenaventura,150
2022,4,Nariño,Roberto Payán (San José),122
2022,4,Nariño,Roberto Payán (San José),168
2022,4,Nariño,Roberto Payán (San José),260
2022,4,Nariño,Roberto Payán (San José),200
2022,1,Nariño,Roberto Payán (San José),321
2022,1,Nariño,Roberto Payán (San José),385
2022,1,Nariño,Roberto Payán (San José),309
2022,1,Nariño,Roberto Payán (San José),314
2022,1,Valle del Cauca,Buenaventura,2078
2022,6,Chocó,Medio San Juan (ANDAGOYA),45
2022,6,Chocó,Medio San Juan (ANDAGOYA),152
2022,2,Chocó,Istmina,110
2022,5,Nariño,Roberto Payán (San José),1312
2022,5,Nariño,Roberto Payán (San José),27
2022,5,Nariño,Roberto Payán (San José),24
2022,5,Nariño,Roberto Payán (San José),34
2022,5,Nariño,Roberto Payán (San José),30
2022,5,Chocó,El Carmen de Atrato,159
2022,8,Bolivar,Morales,1222
2022,3,Bolivar,Simití,118
2022,7,Chocó,Ríosucio,25
2022,7,Chocó,Ríosucio,642
2022,7,Córdoba,San José de Uré,81
2022,12,Valle del Cauca,Buenaventura,150
2022,11,Antioquia,Cáceres,75
2022,11,Antioquia,Cáceres,58
2022,6,Antioquia,Urrao,276
2022,7,Nariño,Tumaco,625
2022,9,Chocó,Alto Baudó (Pie de Pato),108
2022,3,Norte de Santander,Convención,87
2022,3,Norte de Santander,Convención,75
2022,3,Norte de Santander,Convención,54
2022,3,Norte de Santander,Convención,41
2022,7,Norte de Santander,El Tarra,100
2022,7,Norte de Santander,El Tarra,170
2022,7,Norte de Santander,El Tarra,100
2022,7,Norte de Santander,El Tarra,150
2021,5,Nariño,Magüi (Payán),90
2021,5,Nariño,Roberto Payán (San José),625
2021,5,Nariño,Roberto Payán (San José),812
2021,5,Cauca,Jambaló,56
2021,5,Cauca,Argelia,143
2021,9,Cauca,Argelia,230
2021,7,Nariño,Tumaco,164
2021,8,Guaviare,Calamar,53
2021,8,Bolivar,Montecristo,1453
2021,4,Nariño,Leiva,112
2021,1,Nariño,Magüi (Payán),222
2021,10,Cauca,Argelia,135
2021,10,Cauca,Argelia,1277
2021,11,Nariño,Olaya Herrera,211
2021,11,Nariño,Olaya Herrera,603
2021,11,Chocó,Lloró,61
2021,11,Valle del Cauca,Buenaventura,36
2021,5,Nariño,Roberto Payán (San José),1538
2022,1,Norte de Santander,Teorama,82
2022,1,Norte de Santander,Teorama,66
2022,1,Norte de Santander,Teorama,78
2022,1,Norte de Santander,Teorama,60
2022,1,Arauca,Tame,50
2022,1,Arauca,Tame,1687
2022,1,Putumayo,Puerto Asís,53
2022,3,Risaralda,Pueblo Rico,900
2022,3,Risaralda,Pueblo Rico,750
2022,5,Nariño,Magüi (Payán),600
2022,4,Nariño,Santa Bárbara (Iscuandé),59
2022,4,Nariño,Santa Bárbara (Iscuandé),67
2022,4,Nariño,Santa Bárbara (Iscuandé),87
2022,4,Nariño,Santa Bárbara (Iscuandé),66
2022,4,Nariño,Olaya Herrera,62
2022,4,Nariño,Olaya Herrera,65
2022,4,Nariño,Olaya Herrera,74
2022,4,Nariño,Olaya Herrera,62
2022,4,Nariño,Roberto Payán (San José),197
2022,4,Nariño,Roberto Payán (San José),197
2022,4,Nariño,Roberto Payán (San José),407
2022,4,Nariño,Roberto Payán (San José),386
2022,6,Chocó,Quibdó,181
2022,6,Antioquia,Urrao,280
2022,4,Chocó,Quibdó,121
2022,5,Risaralda,Pueblo Rico,1797
2022,6,Cauca,Guapí,152
2022,5,Chocó,Medio San Juan (ANDAGOYA),27
2022,9,Nariño,Olaya Herrera,114
2022,9,Nariño,Olaya Herrera,103
2022,9,Nariño,Olaya Herrera,173
2022,9,Nariño,Olaya Herrera,163
2022,9,Nariño,El Charco,490
2022,9,Nariño,El Charco,311
2022,9,Nariño,El Charco,493
2022,9,Nariño,El Charco,248
2022,8,Norte de Santander,Tibú,524
2022,8,Norte de Santander,Tibú,667
2022,8,Norte de Santander,Tibú,381
2022,8,Norte de Santander,Tibú,347
2022,9,Nariño,Barbacoas,25
2022,9,Nariño,Barbacoas,26
2022,9,Nariño,Barbacoas,27
2022,9,Nariño,Barbacoas,36
2022,11,Chocó,Quibdó,58
2022,10,Nariño,El Charco,20
2022,10,Nariño,El Charco,20
2022,10,Nariño,El Charco,33
2022,10,Nariño,El Charco,21
2022,8,Nariño,Ipiales,65
2022,12,Nariño,El Charco,108
2022,12,Nariño,El Charco,116
2022,12,Nariño,El Charco,173
2022,12,Nariño,El Charco,167
2022,11,Nariño,Ricaurte,36
2022,4,Nariño,Olaya Herrera,752
2022,4,Nariño,Olaya Herrera,782
2022,4,Nariño,Olaya Herrera,1065
2022,4,Nariño,Olaya Herrera,940
2022,9,Cauca,Argelia,506
2022,9,Cauca,Argelia,1180
2022,9,Nariño,La Tola,647
2021,7,Antioquia,Peque,83
2021,1,Valle del Cauca,Buenaventura,8271
2021,2,Chocó,Alto Baudó (Pie de Pato),280
2021,4,Cauca,Argelia,179
2021,7,Nariño,Roberto Payán (San José),363
2021,5,Antioquia,Cáceres,77
2021,9,Norte de Santander,Cúcuta,519
2021,6,Nariño,Magüi (Payán),55
2021,10,Cauca,Argelia,97
2021,9,Nariño,Magüi (Payán),221
2021,10,Nariño,Barbacoas,237
2021,7,Nariño,Roberto Payán (San José),102
2021,7,Nariño,Roberto Payán (San José),90
2021,7,Nariño,Roberto Payán (San José),182
2021,7,Nariño,Roberto Payán (San José),163
2021,11,Antioquia,Dabeiba,85
2021,8,Chocó,Medio San Juan (ANDAGOYA),1290
2021,11,Chocó,El Carmen de Atrato,391
2022,1,Putumayo,Puerto Guzmán,60
2022,1,Chocó,Medio Atrato,191
2022,5,Cauca,Buenos Aires,276
2022,5,Cauca,Buenos Aires,262
2021,5,Cauca,Argelia,269
2022,1,Nariño,Mosquera,67
2022,1,Nariño,Mosquera,76
2022,1,Nariño,Mosquera,94
2022,1,Nariño,Mosquera,72
2022,6,Risaralda,Pueblo Rico,350
2022,5,Córdoba,San José de Uré,1468
2022,1,Cauca,Guapí,42
2022,6,Nariño,Tumaco,264
2022,1,Chocó,Bajo Baudó (Pizarro),99
2022,4,Chocó,Medio San Juan (ANDAGOYA),82
2022,6,Nariño,Tumaco,980
2022,2,Nariño,Roberto Payán (San José),12
2022,2,Nariño,Roberto Payán (San José),22
2022,2,Nariño,Roberto Payán (San José),16
2022,2,Nariño,Roberto Payán (San José),23
2022,9,Caquetá,El Paujil,112
2022,4,Nariño,Roberto Payán (San José),24
2022,4,Nariño,Roberto Payán (San José),22
2022,4,Nariño,Roberto Payán (San José),25
2022,4,Nariño,Roberto Payán (San José),19
2022,9,Nariño,El Charco,439
2022,9,Nariño,El Charco,273
2022,9,Nariño,El Charco,478
2022,9,Nariño,El Charco,222
2022,10,Cauca,Argelia,150
2022,12,Norte de Santander,Teorama,387
2022,11,Chocó,Quibdó,32
2022,10,Nariño,La Tola,102
2022,10,Nariño,La Tola,356
2022,11,Nariño,Tumaco,423
2022,11,Nariño,Tumaco,393
2022,11,Nariño,Tumaco,874
2022,11,Nariño,Tumaco,702
2022,12,Nariño,Tumaco,49
2022,12,Nariño,Tumaco,74
2022,12,Nariño,Tumaco,138
2022,12,Nariño,Tumaco,151
2022,11,Nariño,Tumaco,94
2022,11,Nariño,Tumaco,95
2022,11,Nariño,Tumaco,183
2022,11,Nariño,Tumaco,160
2022,11,Nariño,Tumaco,107
2022,11,Nariño,Tumaco,111
2022,11,Nariño,Tumaco,149
2022,11,Nariño,Tumaco,154
2022,8,Nariño,Magüi (Payán),98
2022,10,Nariño,Olaya Herrera,621
2022,10,Nariño,Olaya Herrera,622
2022,8,Valle del Cauca,Buenaventura,1129
2022,11,Chocó,Medio San Juan (ANDAGOYA),12
2021,5,Nariño,Barbacoas,148
2021,7,Cauca,Santander de Quilichao,229
2021,9,Chocó,Medio San Juan (ANDAGOYA),212
2021,6,Nariño,Roberto Payán (San José),325
2021,8,Valle del Cauca,Buenaventura,25
2021,3,Nariño,Olaya Herrera,1050
2021,3,Nariño,Santa Bárbara (Iscuandé),11
2021,3,Nariño,Santa Bárbara (Iscuandé),9
2021,3,Nariño,Santa Bárbara (Iscuandé),24
2021,3,Nariño,Santa Bárbara (Iscuandé),20
2021,6,Nariño,Roberto Payán (San José),1143
2021,10,Nariño,Tumaco,41
2021,10,Córdoba,Puerto Libertador,6
2021,10,Córdoba,Puerto Libertador,1
2021,10,Córdoba,Puerto Libertador,11
2021,10,Córdoba,Puerto Libertador,13
2022,1,Norte de Santander,Toledo,60
2022,1,Norte de Santander,Toledo,9
2022,1,Norte de Santander,Toledo,5
2022,1,Norte de Santander,Toledo,10
2022,1,Norte de Santander,Toledo,8
2022,1,Valle del Cauca,Buenaventura,53
2022,3,Nariño,Barbacoas,82
2022,3,Nariño,Barbacoas,74
2022,3,Nariño,Barbacoas,72
2022,3,Nariño,Barbacoas,60
2022,1,Vichada,Puerto Carreño,626
2022,1,Vichada,Puerto Carreño,1264
2022,3,Cauca,Argelia,74
2022,4,Magdalena,Ciénaga,45
2022,4,Magdalena,Ciénaga,44
2022,4,Magdalena,Ciénaga,261
2022,4,Magdalena,Ciénaga,278
2022,4,Magdalena,Ciénaga,124
2022,4,Magdalena,Ciénaga,138
2022,4,Magdalena,Ciénaga,66
2022,4,Magdalena,Ciénaga,56
2022,3,Nariño,Tumaco,32
2022,6,Chocó,El Litoral de San Juan,223
2022,7,Valle del Cauca,Buenaventura,600
2022,8,Cauca,Balboa,196
2022,8,Cauca,Balboa,434
2022,8,Cauca,Almaguer,231
2022,8,Cauca,Almaguer,204
2022,8,Cauca,Almaguer,661
2022,8,Cauca,Almaguer,605
2022,8,Norte de Santander,Convención,51
2022,8,Norte de Santander,Convención,51
2022,8,Norte de Santander,Convención,36
2022,8,Norte de Santander,Convención,35
2022,2,Chocó,Sipí,369
2022,10,Nariño,Olaya Herrera,77
2022,10,Nariño,Olaya Herrera,105
2022,10,Nariño,Olaya Herrera,261
2022,10,Nariño,Olaya Herrera,238
2022,9,Nariño,Olaya Herrera,106
2022,9,Nariño,Olaya Herrera,92
2022,9,Nariño,Olaya Herrera,170
2022,9,Nariño,Olaya Herrera,128
2022,11,Nariño,Santa Bárbara (Iscuandé),27
2022,11,Nariño,Santa Bárbara (Iscuandé),16
2022,11,Nariño,Santa Bárbara (Iscuandé),43
2022,11,Nariño,Santa Bárbara (Iscuandé),42
2022,12,Nariño,Santa Bárbara (Iscuandé),31
2022,12,Nariño,Santa Bárbara (Iscuandé),24
2022,12,Nariño,Santa Bárbara (Iscuandé),40
2022,12,Nariño,Santa Bárbara (Iscuandé),34
2022,11,Nariño,El Charco,177
2022,11,Nariño,El Charco,165
2022,11,Nariño,El Charco,268
2022,11,Nariño,El Charco,185
2022,8,Nariño,Olaya Herrera,27
2022,8,Nariño,Olaya Herrera,13
2022,8,Nariño,Olaya Herrera,22
2022,8,Nariño,Olaya Herrera,29
2022,12,Nariño,Tumaco,38
2022,12,Nariño,Tumaco,37
2022,12,Nariño,Tumaco,91
2022,12,Nariño,Tumaco,52
2022,3,Norte de Santander,Convención,2
2022,3,Norte de Santander,Convención,34
2022,3,Norte de Santander,Convención,30
2022,3,Norte de Santander,Convención,18
2022,3,Norte de Santander,Convención,19
2022,4,Chocó,El Litoral de San Juan,63
2022,4,Chocó,El Litoral de San Juan,14
2022,4,Chocó,El Litoral de San Juan,19
2022,4,Chocó,El Litoral de San Juan,15
2022,5,Norte de Santander,El Tarra,41
2022,5,Norte de Santander,El Tarra,44
2022,5,Norte de Santander,El Tarra,43
2022,5,Norte de Santander,El Tarra,31
2022,9,Chocó,Medio San Juan (ANDAGOYA),162
2022,9,Chocó,Medio San Juan (ANDAGOYA),207
2022,9,Chocó,Medio San Juan (ANDAGOYA),278
2022,9,Chocó,Medio San Juan (ANDAGOYA),250
2022,10,Chocó,Lloró,356
2022,11,Nariño,Santa Bárbara (Iscuandé),49
2021,3,Antioquia,Cáceres,73
2021,2,Antioquia,Murindó,194
2021,2,Cauca,Argelia,306
2021,9,Nariño,Roberto Payán (San José),45
2021,9,Chocó,Lloró,53
2021,5,Antioquia,Cáceres,92
2021,5,Nariño,Roberto Payán (San José),852
2021,8,Nariño,Magüi (Payán),379
2021,10,Arauca,Tame,96
2021,6,Nariño,Magüi (Payán),12
2021,6,Nariño,Magüi (Payán),25
2021,6,Nariño,Magüi (Payán),17
2021,5,Nariño,Roberto Payán (San José),842
2021,12,Cauca,El Tambo,31
2022,1,Arauca,Fortúl,232
2021,12,Putumayo,Puerto Leguízamo,163
2022,1,Cauca,Guapí,118
2022,1,Cesar,Pueblo Bello,58
2022,1,Chocó,Istmina,441
2021,9,Cauca,Argelia,1153
2022,5,Chocó,Alto Baudó (Pie de Pato),197
2021,3,Nariño,El Charco,1237
2022,6,Cauca,Argelia,380
2021,5,Nariño,Tumaco,273
2022,7,Putumayo,Puerto Leguízamo,65
2022,7,Putumayo,Puerto Leguízamo,44
2022,2,Cauca,Guapí,194
2022,1,Nariño,Barbacoas,30
2022,1,Nariño,Barbacoas,35
2022,1,Nariño,Barbacoas,45
2022,1,Nariño,Barbacoas,35
2022,8,Cauca,Guapí,44
2022,6,Chocó,Bagadó,39
2022,6,Chocó,Bagadó,65
2022,7,Chocó,Medio Baudó,1811
2022,7,Chocó,Medio Baudó,990
2022,9,Nariño,Tumaco,23
2022,6,Chocó,Bagadó,281
2022,9,Nariño,Tumaco,12
2022,9,Nariño,Tumaco,33
2022,9,Nariño,Olaya Herrera,42
2022,9,Nariño,Olaya Herrera,52
2022,9,Nariño,Olaya Herrera,82
2022,9,Nariño,Olaya Herrera,92
2022,11,Valle del Cauca,Buenaventura,132
2022,9,Córdoba,Tierralta,1081
2022,6,Nariño,Tumaco,901
2022,8,Nariño,Barbacoas,87
2022,4,Nariño,Roberto Payán (San José),5
2022,4,Nariño,Roberto Payán (San José),6
2022,4,Nariño,Roberto Payán (San José),11
2022,4,Nariño,Roberto Payán (San José),13
2022,7,Nariño,Barbacoas,240
2022,8,Nariño,Magüi (Payán),264
2021,5,Nariño,Magüi (Payán),1362
2021,2,Valle del Cauca,Buenaventura,976
2021,5,Nariño,Roberto Payán (San José),94
2021,5,Nariño,Barbacoas,78
2021,5,Nariño,Roberto Payán (San José),126
2021,5,Nariño,Roberto Payán (San José),111
2021,2,Chocó,El Litoral de San Juan,135
2021,7,Nariño,Mosquera,160
2021,8,Chocó,El Litoral de San Juan,262
2021,5,Nariño,Magüi (Payán),984
2021,8,Nariño,Tumaco,2404
2021,4,Valle del Cauca,Buenaventura,416
2021,11,Cauca,Florencia,186
2021,11,Cauca,Argelia,288
2021,5,Nariño,Magüi (Payán),75
2021,5,Nariño,Magüi (Payán),100
2021,11,Chocó,Bajo Baudó (Pizarro),200
2021,12,Cauca,Argelia,162
2021,11,Valle del Cauca,Buenaventura,125
2021,12,Cauca,Guapí,718
2022,2,Putumayo,Puerto Asís,11
2022,2,Putumayo,Puerto Asís,144
2022,1,Valle del Cauca,Buenaventura,84
2022,1,Valle del Cauca,Buenaventura,76
2022,1,Valle del Cauca,Buenaventura,99
2022,1,Valle del Cauca,Buenaventura,72
2022,2,Valle del Cauca,Buenaventura,349
2022,2,Cauca,Argelia,14
2022,2,Cauca,Argelia,17
2022,2,Cauca,Argelia,20
2022,2,Cauca,Argelia,36
2022,4,Cauca,Argelia,31
2022,4,Cauca,Argelia,32
2022,4,Cauca,Argelia,58
2022,4,Cauca,Argelia,95
2021,10,Valle del Cauca,Buenaventura,171
2021,10,Valle del Cauca,Buenaventura,65
2021,10,Valle del Cauca,Buenaventura,58
2021,10,Valle del Cauca,Buenaventura,66
2021,10,Valle del Cauca,Buenaventura,98
2022,5,Nariño,Santa Bárbara (Iscuandé),24
2022,5,Nariño,Santa Bárbara (Iscuandé),22
2022,5,Nariño,Santa Bárbara (Iscuandé),49
2022,5,Nariño,Santa Bárbara (Iscuandé),42
2022,5,Chocó,Sipí,67
2022,6,Risaralda,Pueblo Rico,122
2021,5,Nariño,Tumaco,0
2022,5,Córdoba,Puerto Libertador,8
2022,5,Córdoba,Puerto Libertador,620
2022,2,Nariño,El Charco,299
2022,4,Nariño,Roberto Payán (San José),22
2022,4,Nariño,Roberto Payán (San José),36
2022,4,Nariño,Roberto Payán (San José),66
2022,4,Nariño,Roberto Payán (San José),34
2022,5,Córdoba,Tierralta,143
2022,7,Chocó,Bagadó,430
2022,8,Bolivar,Santa Rosa del Sur,638
2022,9,Nariño,Olaya Herrera,51
2022,9,Nariño,Olaya Herrera,31
2022,9,Nariño,Olaya Herrera,54
2022,9,Nariño,Olaya Herrera,38
2022,4,Chocó,Alto Baudó (Pie de Pato),61
2022,12,Nariño,Olaya Herrera,960
2022,11,Putumayo,San Miguel,62
2022,11,Nariño,Santa Bárbara (Iscuandé),32
2022,11,Nariño,Santa Bárbara (Iscuandé),33
2022,11,Nariño,Santa Bárbara (Iscuandé),51
2022,11,Nariño,Santa Bárbara (Iscuandé),51
2022,9,Nariño,Olaya Herrera,32
2022,9,Nariño,Olaya Herrera,33
2022,9,Nariño,Olaya Herrera,47
2022,9,Nariño,Olaya Herrera,55
2022,11,Nariño,Barbacoas,128
2022,4,Valle del Cauca,Buenaventura,285
2022,2,Chocó,Quibdó,9
2022,2,Chocó,Quibdó,20
2022,2,Chocó,Quibdó,16
2022,2,Chocó,Quibdó,34
2022,2,Chocó,Quibdó,29
2022,8,Chocó,Lloró,33
2022,8,Chocó,Lloró,11
2022,8,Chocó,Lloró,10
2022,11,Nariño,El Charco,18
2022,11,Nariño,El Charco,17
2022,11,Nariño,El Charco,31
2022,11,Nariño,El Charco,32
2021,7,Cauca,Argelia,158
2021,7,Cauca,Argelia,90
2021,8,Cauca,Argelia,23
2021,8,Cauca,Argelia,99
2021,7,Bolivar,Montecristo,1401
2021,7,Nariño,Tumaco,53
2021,9,Nariño,Magüi (Payán),221
2021,9,Chocó,Medio San Juan (ANDAGOYA),1021
2021,3,Antioquia,Murindó,13
2021,3,Antioquia,Murindó,54
2021,3,Antioquia,Murindó,86
2021,6,Nariño,Roberto Payán (San José),69
2021,6,Nariño,Roberto Payán (San José),78
2021,6,Nariño,Roberto Payán (San José),74
2021,6,Nariño,Roberto Payán (San José),56
2021,6,Nariño,Roberto Payán (San José),376
2021,3,Valle del Cauca,Buenaventura,107
2021,2,Valle del Cauca,Buenaventura,113
2021,11,Cauca,Argelia,210
2021,8,Norte de Santander,San Calixto,90
2021,11,Guaviare,San José del Guaviare,120
2021,11,Norte de Santander,Teorama,261
2021,10,Valle del Cauca,Buenaventura,104
2021,10,Valle del Cauca,Buenaventura,1948
2021,12,Guaviare,San José del Guaviare,3
2021,12,Guaviare,San José del Guaviare,7
2021,12,Guaviare,San José del Guaviare,6
2021,12,Guaviare,San José del Guaviare,7
2021,12,Guaviare,San José del Guaviare,9
2021,12,Guaviare,San José del Guaviare,12
2021,11,Valle del Cauca,Buenaventura,288
2022,1,Arauca,Saravena,20
2022,1,Arauca,Saravena,1102
2022,1,Arauca,Arauquita,300
2022,1,Arauca,Arauquita,131
2022,2,Arauca,Arauca,18
2022,2,Arauca,Arauca,18
2022,2,Arauca,Arauca,21
2022,2,Arauca,Arauca,24
2022,1,Arauca,Arauca,201
2022,1,Nariño,La Tola,55
2022,1,Nariño,La Tola,39
2022,1,Nariño,La Tola,65
2022,1,Nariño,La Tola,68
2022,2,Nariño,Roberto Payán (San José),758
2022,1,Cauca,Suárez,192
2022,4,Putumayo,Puerto Leguízamo,32
2022,4,Putumayo,Puerto Leguízamo,25
2021,12,Chocó,Tadó,86
2022,1,Chocó,Medio San Juan (ANDAGOYA),244
2022,3,Nariño,El Charco,719
2021,3,Córdoba,Tierralta,283
2022,1,Chocó,Medio San Juan (ANDAGOYA),372
2022,8,Bolivar,Arenal,1248
2022,10,Bolivar,Santa Rosa del Sur,63
2022,10,Bolivar,Santa Rosa del Sur,20
2022,10,Bolivar,Santa Rosa del Sur,32
2022,10,Bolivar,Santa Rosa del Sur,18
2022,10,Bolivar,Santa Rosa del Sur,6
2022,10,Bolivar,Santa Rosa del Sur,8
2022,10,Bolivar,Santa Rosa del Sur,11
2022,4,Nariño,Magüi (Payán),839
2022,7,Norte de Santander,Teorama,63
2022,11,Putumayo,Puerto Guzmán,191
2023,1,Nariño,Olaya Herrera,213
2023,1,Nariño,Olaya Herrera,215
2023,1,Nariño,Olaya Herrera,259
2023,1,Nariño,Olaya Herrera,296
2023,1,Nariño,Tumaco,91
2023,1,Nariño,Tumaco,91
2023,1,Nariño,Tumaco,122
2023,1,Nariño,Tumaco,135
2023,1,Nariño,La Tola,475
2023,2,Putumayo,Puerto Caicedo,10
2023,2,Putumayo,Puerto Caicedo,30
2023,1,Nariño,Tumaco,4
2023,1,Nariño,Tumaco,5
2023,1,Nariño,Tumaco,7
2023,1,Nariño,Tumaco,8
2023,1,Nariño,Tumaco,20
2023,1,Nariño,El Charco,144
2023,1,Nariño,El Charco,145
2023,1,Nariño,El Charco,232
2023,1,Nariño,El Charco,266
2023,1,Caquetá,La Montañita,2
2023,1,Caquetá,La Montañita,20
2023,1,Caquetá,La Montañita,22
2023,2,Cauca,Argelia,582
2023,2,Cauca,Argelia,592
2023,2,Nariño,Roberto Payán (San José),70
2023,2,Nariño,Roberto Payán (San José),130
2023,2,Nariño,Roberto Payán (San José),164
2023,2,Nariño,Roberto Payán (San José),199
2023,2,Nariño,Magui,139
2023,2,Nariño,Olaya Herrera,31
2023,2,Nariño,Olaya Herrera,43
2023,2,Nariño,Olaya Herrera,59
2023,2,Nariño,Olaya Herrera,63
2023,2,Nariño,Roberto Payán (San José),34
2023,2,Nariño,Roberto Payán (San José),47
2023,2,Nariño,Roberto Payán (San José),49
2023,2,Nariño,Roberto Payán (San José),60
2023,2,Nariño,Roberto Payán (San José),69
2023,2,Nariño,Roberto Payán (San José),70
2023,2,Nariño,Roberto Payán (San José),72
2023,2,Nariño,Roberto Payán (San José),106
2023,2,Nariño,Roberto Payán (San José),518
2023,2,Cauca,Argelia,222
2023,2,Cauca,Argelia,238
2023,2,Nariño,Olaya Herrera,36
2023,2,Nariño,Olaya Herrera,38
2023,2,Nariño,Olaya Herrera,40
2023,2,Nariño,Olaya Herrera,42
2023,1,Valle Del Cauca,Buenaventura,106
2023,2,Valle Del Cauca,Buenaventura,374
2023,1,Valle Del Cauca,Buenaventura,55
2023,1,Valle Del Cauca,Cali,285
2023,1,Valle Del Cauca,Buenaventura,106
2023,3,Nariño,Tumaco,14
2023,2,Nariño,Magui,440
2023,2,Nariño,Roberto Payán (San José),131
2023,3,Nariño,Olaya Herrera,5
2023,3,Nariño,Olaya Herrera,77
2023,3,Nariño,Olaya Herrera,96
2023,3,Nariño,Olaya Herrera,106
2023,3,Nariño,Olaya Herrera,117
2023,3,Chocó,Quibdó,24
2023,3,Bolívar,Arenal,357
2023,3,Bolívar,Morales,483
2023,3,Nariño,Tumaco,10
2023,3,Nariño,Tumaco,1431
2023,3,Cauca,Argelia,26
2023,3,Cauca,Argelia,30
2023,3,Cauca,Argelia,75
2023,3,Cauca,Argelia,82
2023,3,Nariño,Santa Bárbara (Iscuandé),11
2023,3,Valle Del Cauca,Buenaventura,400
2023,3,Meta,La Macarena,0
2023,4,Chocó,Novita,22
2023,4,Chocó,Novita,29
2023,3,Valle Del Cauca,Buenaventura,247
2023,2,Amazonas,La Pedrera,1
2023,2,Amazonas,La Pedrera,1
2023,2,Amazonas,La Pedrera,1
2023,3,Amazonas,La Chorrera,2
2023,3,Amazonas,La Chorrera,2
2023,3,Amazonas,La Pedrera,48
2023,4,Valle Del Cauca,Buenaventura,266
2023,4,Antioquia,Frontino,48
2023,4,Nariño,Magui,760
2023,4,Antioquia,Segovia,40
2023,4,Arauca,Saravena,27
2023,4,Arauca,Saravena,93
2023,4,Tolima,Cunday,23
2023,1,Risaralda,Pueblo Rico,350
2023,4,Norte De Santander,El Tarra,378
2023,1,Valle Del Cauca,Buenaventura,25
2023,2,Valle Del Cauca,Buenaventura,0
2023,5,Valle Del Cauca,Buenaventura,110
2023,5,La Guajira,Riohacha,150
2023,3,Nariño,Roberto Payán (San José),73
2023,3,Nariño,Roberto Payán (San José),146
2023,3,Nariño,Ricaurte,48
2023,3,Nariño,Tumaco,53
2023,5,Cauca,Caldono,17
2023,5,Cauca,Caldono,25
2023,4,Nariño,Magui,1089
2023,4,Nariño,Olaya Herrera,55
2023,4,Nariño,Olaya Herrera,103
2023,4,Nariño,Roberto Payán (San José),276
2023,4,Nariño,Magui,244
2023,4,Nariño,Magui,73
2023,4,Norte De Santander,Convención,4
2023,4,Norte De Santander,Convención,8
2023,4,Norte De Santander,Convención,71
2023,4,Norte De Santander,Convención,75
2023,4,Norte De Santander,Convención,89
2023,4,Norte De Santander,Convención,96
2023,1,Valle Del Cauca,Cali,285
2023,4,Valle Del Cauca,Cali,58
2023,5,Nariño,Barbacoas,338
2023,2,Córdoba,Tierralta,41
2023,2,Córdoba,Tierralta,41
2023,2,Córdoba,Tierralta,43
2023,2,Córdoba,Tierralta,57
2023,5,Nariño,Ricaurte,824
2023,5,Caquetá,Puerto Rico,5
2023,5,Valle Del Cauca,Sevilla,115
2023,5,Chocó,Novita,29
2023,5,Chocó,Novita,466
2023,5,Chocó,Sipí,377
2023,5,Chocó,Sipí,847
2023,5,Norte De Santander,Teorama,2
2023,5,Norte De Santander,Teorama,3
2023,5,Norte De Santander,Teorama,20
2023,5,Norte De Santander,Teorama,30
2023,5,Norte De Santander,Teorama,34
2023,5,Norte De Santander,Teorama,40
2023,5,Caquetá,San Vicente Del Caguán,27
2023,6,Nariño,Olaya Herrera,400
2023,6,Nariño,Roberto Payán (San José),52
2023,6,Nariño,Olaya Herrera,55
2023,6,Nariño,Ricaurte,2773
2023,6,Nariño,Sotomayor (Los Andes),294
2023,6,Chocó,Sipí,80
2023,6,Chocó,Sipí,84
2023,6,Chocó,Sipí,86
2023,6,Chocó,Sipí,87
2023,6,Valle Del Cauca,Buenaventura,60
2023,6,Valle Del Cauca,Buenaventura,403
2023,6,Valle Del Cauca,El Dovio,676
2023,6,Nariño,Ricaurte,791
2023,6,Antioquia,Segovia,77
2023,6,Bolívar,Santa Rosa Del Sur,7
2023,6,Bolívar,Santa Rosa Del Sur,9
2023,6,Bolívar,Santa Rosa Del Sur,56
2023,6,Bolívar,Santa Rosa Del Sur,63
2023,6,Bolívar,Santa Rosa Del Sur,64
2023,6,Bolívar,Santa Rosa Del Sur,74
2023,6,Chocó,Sipí,200
2023,6,Chocó,Quibdó,49
2023,6,Chocó,Bagado,319
2023,7,Nariño,Barbacoas,94
2023,7,Norte De Santander,Tibú,1
2023,7,Norte De Santander,Tibú,2
2023,7,Norte De Santander,Tibú,9
2023,7,Norte De Santander,Tibú,10
2023,7,Norte De Santander,Tibú,10
2023,7,Norte De Santander,Tibú,11
2023,7,Norte De Santander,Tibú,18
2023,7,Norte De Santander,Tibú,26
2023,7,Norte De Santander,Tibú,42
2023,7,Norte De Santander,Tibú,46
2023,7,Norte De Santander,Tibú,64
2023,7,Meta,Vista Hermosa,75
2023,7,Meta,Vista Hermosa,120
2023,7,Meta,Vista Hermosa,151
2023,7,Chocó,Sipí,33
2023,7,Chocó,Istmina,172
2023,7,Chocó,Sipí,75
2023,7,Arauca,Tame,3
2023,7,Arauca,Tame,66
2023,7,Nariño,La Llanada,7
2023,7,Nariño,La Llanada,8
2023,7,Nariño,La Llanada,9
2023,7,Nariño,La Llanada,11
2023,7,Nariño,La Llanada,565
2023,7,Cauca,Argelia,282
2023,7,Cauca,Argelia,412
2023,7,Nariño,Sotomayor (Los Andes),292
2023,7,Chocó,El Litoral Del San Juan,60
2023,7,Huila,La Plata,398
2023,7,Huila,La Plata,469
2023,7,Valle Del Cauca,Buenaventura,62
2023,7,Nariño,Barbacoas,118
2023,7,Putumayo,Puerto Guzmán,150
2023,7,Nariño,Ricaurte,52
2023,7,Bolívar,Montecristo,2
2023,7,Bolívar,Montecristo,20
2023,7,Bolívar,Montecristo,27
2023,7,Bolívar,Montecristo,31
2023,7,Bolívar,Montecristo,32
2023,8,Nariño,Tumaco,448
2023,8,Nariño,Samaniego,402
2023,8,Nariño,La Llanada,633
2023,8,Nariño,Samaniego,70
2023,8,Nariño,Samaniego,583
2023,8,Cauca,López De Micay,174
2023,8,Cauca,López De Micay,216
2023,8,Nariño,Samaniego,830
2023,8,Cauca,Argelia,567
2023,8,Cauca,Argelia,672
2023,8,Nariño,Samaniego,380
2023,8,La Guajira,Riohacha,3
2023,8,La Guajira,Riohacha,80
2023,8,La Guajira,Riohacha,104
2023,8,La Guajira,Riohacha,234
2023,8,Nariño,Ricaurte,240
2023,8,Chocó,Tadó,43
2023,8,Chocó,Tadó,75
2023,8,Chocó,Tadó,77
2023,8,Arauca,Puerto Rondón,2
2023,8,Arauca,Puerto Rondón,5
2023,8,Arauca,Puerto Rondón,6
2023,8,Arauca,Puerto Rondón,6
2023,8,Arauca,Puerto Rondón,40
2023,8,Arauca,Puerto Rondón,45
2023,8,Arauca,Puerto Rondón,66
2023,8,Arauca,Puerto Rondón,99
2023,8,Bolívar,Santa Rosa Del Sur,3
2023,8,Bolívar,Santa Rosa Del Sur,6
2023,8,Bolívar,Santa Rosa Del Sur,6
2023,8,Bolívar,Santa Rosa Del Sur,19
2023,8,Bolívar,Santa Rosa Del Sur,28
2023,8,Bolívar,Santa Rosa Del Sur,32
2023,8,Bolívar,Santa Rosa Del Sur,56
2023,8,Bolívar,Santa Rosa Del Sur,96
2023,8,Antioquia,Segovia,1000
2023,8,Meta,Mesetas,59
2023,8,Meta,Mesetas,143
2023,9,Arauca,Tame,2
2023,9,Arauca,Tame,15
2023,9,Arauca,Tame,47
2023,9,Nariño,Guachavés,2752
2023,9,Nariño,Samaniego,626
2023,9,Chocó,Quibdó,44
2023,9,Chocó,Quibdó,47
2023,9,Chocó,Quibdó,57
2023,9,Chocó,Quibdó,63
2023,9,Nariño,Magui,180
2023,9,Nariño,Barbacoas,264
2023,9,Antioquia,Segovia,79
2023,9,Bolívar,Santa Rosa Del Sur,400
2023,9,Putumayo,Puerto Asís,212
2023,9,Putumayo,Puerto Asís,297
2023,9,Putumayo,Puerto Asís,1023
2023,9,Putumayo,Puerto Asís,1329
2023,9,Cauca,Argelia,73
2023,9,Cauca,Argelia,76
2023,9,Cauca,Argelia,147
2023,9,Nariño,Barbacoas,26
2023,9,Nariño,Samaniego,50
2023,9,Nariño,Ricaurte,80
2023,9,Nariño,Ricaurte,1500
2023,9,Nariño,Ricaurte,66
2023,10,Nariño,Guachavés,1440
2023,10,Nariño,Samaniego,873
2023,10,Bolívar,Morales,3928
2023,10,Chocó,Medio San Juan (Andagoya),23
2023,10,Chocó,Medio San Juan (Andagoya),29
2023,10,Chocó,Medio San Juan (Andagoya),36
2023,10,Chocó,Medio San Juan (Andagoya),40
2023,10,Putumayo,Puerto Guzmán,62
2023,10,Putumayo,Puerto Guzmán,102
